time,gps_heading,gspeed
1684814278.1697404,0.0,0.0
1684814278.1899476,0.0,0.0
1684814278.2094262,0.0,0.0
1684814278.2302637,0.0,0.0
1684814278.2495763,0.0,0.005
1684814278.269831,0.0,0.005
1684814278.2894552,0.0,0.005
1684814278.3099763,0.0,0.005
1684814278.3297818,0.0,0.005
1684814278.3497958,0.0,0.005
1684814278.3699512,0.0,0.005
1684814278.389787,0.0,0.005
1684814278.4101877,0.0,0.005
1684814278.429743,0.0,0.005
1684814278.449792,0.0,0.005
1684814278.4704745,0.0,0.005
1684814278.4896698,0.0,0.005
1684814278.5105503,0.0,0.005
1684814278.5306737,0.0,0.005
1684814278.5493646,0.0,0.005
1684814278.5701334,0.0,0.005
1684814278.5902743,0.0,0.005
1684814278.6098762,0.0,0.005
1684814278.6304324,0.0,0.005
1684814278.6500132,0.0,0.005
1684814278.669644,0.0,0.005
1684814278.6903093,0.0,0.005
1684814278.709435,0.0,0.005
1684814278.7298663,0.0,0.005
1684814278.7499664,0.0,0.005
1684814278.769468,0.0,0.005
1684814278.7902093,0.0,0.005
1684814278.8103218,0.0,0.005
1684814278.8301826,0.0,0.005
1684814278.8495731,0.0,0.005
1684814278.8698268,0.0,0.005
1684814278.8903413,0.0,0.005
1684814278.9104104,0.0,0.005
1684814278.9300547,0.0,0.005
1684814278.9497955,0.0,0.005
1684814278.9708037,0.0,0.005
1684814278.9896815,0.0,0.005
1684814279.0100074,0.0,0.005
1684814279.0304444,0.0,0.005
1684814279.0500817,0.0,0.005
1684814279.0707326,0.0,0.005
1684814279.0899315,0.0,0.005
1684814279.1100242,0.0,0.005
1684814279.1304,0.0,0.005
1684814279.1496947,0.0,0.005
1684814279.1704962,0.0,0.005
1684814279.1904597,0.0,0.005
1684814279.2100334,0.0,0.005
1684814279.2316864,0.0,0.005
1684814279.2496922,0.0,0.005
1684814279.2701235,0.0,0.002
1684814279.2898858,0.0,0.002
1684814279.309681,0.0,0.002
1684814279.3296232,0.0,0.002
1684814279.3506515,0.0,0.002
1684814279.3699007,0.0,0.002
1684814279.3896894,0.0,0.002
1684814279.4108894,0.0,0.002
1684814279.4299068,0.0,0.002
1684814279.4501703,0.0,0.002
1684814279.4697661,0.0,0.002
1684814279.4893496,0.0,0.002
1684814279.5094073,0.0,0.002
1684814279.5297894,0.0,0.002
1684814279.5505614,0.0,0.002
1684814279.5694897,0.0,0.002
1684814279.5895078,0.0,0.002
1684814279.609488,0.0,0.002
1684814279.6290946,0.0,0.002
1684814279.6494367,0.0,0.002
1684814279.6704266,0.0,0.002
1684814279.6900206,0.0,0.002
1684814279.7098258,0.0,0.002
1684814279.7305734,0.0,0.002
1684814279.7498283,0.0,0.002
1684814279.7697988,0.0,0.002
1684814279.7905397,0.0,0.002
1684814279.8097591,0.0,0.002
1684814279.8300805,0.0,0.002
1684814279.8501089,0.0,0.002
1684814279.8700032,0.0,0.002
1684814279.8904033,0.0,0.002
1684814279.910186,0.0,0.002
1684814279.9297974,0.0,0.002
1684814279.9499786,0.0,0.002
1684814279.9698389,0.0,0.002
1684814279.989306,0.0,0.002
1684814280.0092044,0.0,0.002
1684814280.0302072,0.0,0.002
1684814280.0500915,0.0,0.002
1684814280.069826,0.0,0.002
1684814280.0899158,0.0,0.002
1684814280.1097674,0.0,0.002
1684814280.129766,0.0,0.002
1684814280.1500897,0.0,0.002
1684814280.1701412,0.0,0.002
1684814280.1901436,0.0,0.002
1684814280.2103047,0.0,0.002
1684814280.229703,0.0,0.002
1684814280.2496002,0.0,0.001
1684814280.2697108,0.0,0.001
1684814280.2894773,0.0,0.001
1684814280.3098829,0.0,0.001
1684814280.3300393,0.0,0.001
1684814280.349395,0.0,0.001
1684814280.3691382,0.0,0.001
1684814280.3895326,0.0,0.001
1684814280.4094486,0.0,0.001
1684814280.4295492,0.0,0.001
1684814280.4499078,0.0,0.001
1684814280.4706502,0.0,0.001
1684814280.4904327,0.0,0.001
1684814280.510371,0.0,0.001
1684814280.5300088,0.0,0.001
1684814280.5501473,0.0,0.001
1684814280.5696688,0.0,0.001
1684814280.5903342,0.0,0.001
1684814280.6098287,0.0,0.001
1684814280.6298761,0.0,0.001
1684814280.649407,0.0,0.001
1684814280.6696596,0.0,0.001
1684814280.6897137,0.0,0.001
1684814280.7097564,0.0,0.001
1684814280.729761,0.0,0.001
1684814280.7510283,0.0,0.001
1684814280.7698064,0.0,0.001
1684814280.7895787,0.0,0.001
1684814280.80987,0.0,0.001
1684814280.8303168,0.0,0.001
1684814280.850025,0.0,0.001
1684814280.8692691,0.0,0.001
1684814280.8907073,0.0,0.001
1684814280.9097025,0.0,0.001
1684814280.9300642,0.0,0.001
1684814280.9493625,0.0,0.001
1684814280.970083,0.0,0.001
1684814280.989854,0.0,0.001
1684814281.0102508,0.0,0.001
1684814281.0295486,0.0,0.001
1684814281.0499446,0.0,0.001
1684814281.0706553,0.0,0.001
1684814281.0899723,0.0,0.001
1684814281.109879,0.0,0.001
1684814281.1301215,0.0,0.001
1684814281.1499357,0.0,0.001
1684814281.169455,0.0,0.001
1684814281.190712,0.0,0.001
1684814281.2093794,0.0,0.001
1684814281.2298381,0.0,0.001
1684814281.2497149,0.0,0.001
1684814281.2699258,0.0,0.002
1684814281.2898626,0.0,0.002
1684814281.310038,0.0,0.002
1684814281.3294356,0.0,0.002
1684814281.349613,0.0,0.002
1684814281.3695602,0.0,0.002
1684814281.3901215,0.0,0.002
1684814281.4097943,0.0,0.002
1684814281.4311593,0.0,0.002
1684814281.4495592,0.0,0.002
1684814281.4697306,0.0,0.002
1684814281.4898458,0.0,0.002
1684814281.509528,0.0,0.002
1684814281.5300384,0.0,0.002
1684814281.549651,0.0,0.002
1684814281.5696614,0.0,0.002
1684814281.5898604,0.0,0.002
1684814281.6096263,0.0,0.002
1684814281.6294153,0.0,0.002
1684814281.6497555,0.0,0.002
1684814281.669676,0.0,0.002
1684814281.6898227,0.0,0.002
1684814281.7101905,0.0,0.002
1684814281.7296345,0.0,0.002
1684814281.7498283,0.0,0.002
1684814281.770487,0.0,0.002
1684814281.7905362,0.0,0.002
1684814281.8095927,0.0,0.002
1684814281.8294935,0.0,0.002
1684814281.8493433,0.0,0.002
1684814281.8698442,0.0,0.002
1684814281.889629,0.0,0.002
1684814281.9100773,0.0,0.002
1684814281.9297574,0.0,0.002
1684814281.9494894,0.0,0.002
1684814281.9698281,0.0,0.002
1684814281.9900246,0.0,0.002
1684814282.0103161,0.0,0.002
1684814282.0300362,0.0,0.002
1684814282.0494545,0.0,0.002
1684814282.0701303,0.0,0.002
1684814282.090236,0.0,0.002
1684814282.1097023,0.0,0.002
1684814282.1305473,0.0,0.002
1684814282.1497972,0.0,0.002
1684814282.1700425,0.0,0.002
1684814282.1896577,0.0,0.002
1684814282.2105138,0.0,0.002
1684814282.2300875,0.0,0.002
1684814282.2505536,0.0,0.002
1684814282.2704134,0.0,0.001
1684814282.2903266,0.0,0.001
1684814282.3105314,0.0,0.001
1684814282.3299046,0.0,0.001
1684814282.3494284,0.0,0.001
1684814282.3696017,0.0,0.001
1684814282.3893151,0.0,0.001
1684814282.409573,0.0,0.001
1684814282.4304366,0.0,0.001
1684814282.449891,0.0,0.001
1684814282.469713,0.0,0.001
1684814282.4899077,0.0,0.001
1684814282.5095744,0.0,0.001
1684814282.5299299,0.0,0.001
1684814282.550048,0.0,0.001
1684814282.5697632,0.0,0.001
1684814282.5898414,0.0,0.001
1684814282.609866,0.0,0.001
1684814282.6299074,0.0,0.001
1684814282.6498811,0.0,0.001
1684814282.6705625,0.0,0.001
1684814282.6897013,0.0,0.001
1684814282.7103868,0.0,0.001
1684814282.7298703,0.0,0.001
1684814282.7497783,0.0,0.001
1684814282.770284,0.0,0.001
1684814282.7898092,0.0,0.001
1684814282.810389,0.0,0.001
1684814282.8304825,0.0,0.001
1684814282.8497796,0.0,0.001
1684814282.870369,0.0,0.001
1684814282.8897884,0.0,0.001
1684814282.9091644,0.0,0.001
1684814282.930285,0.0,0.001
1684814282.949784,0.0,0.001
1684814282.9704235,0.0,0.001
1684814282.9899094,0.0,0.001
1684814283.009763,0.0,0.001
1684814283.0298645,0.0,0.001
1684814283.049835,0.0,0.001
1684814283.0699065,0.0,0.001
1684814283.0897222,0.0,0.001
1684814283.109447,0.0,0.001
1684814283.13038,0.0,0.001
1684814283.150238,0.0,0.001
1684814283.169824,0.0,0.001
1684814283.1905086,0.0,0.001
1684814283.2100139,0.0,0.001
1684814283.2295973,0.0,0.001
1684814283.249805,0.0,0.001
1684814283.2696633,0.0,0.012
1684814283.2896802,0.0,0.012
1684814283.309723,0.0,0.012
1684814283.329439,0.0,0.012
1684814283.3499122,0.0,0.012
1684814283.3700264,0.0,0.012
1684814283.3894749,0.0,0.012
1684814283.4100459,0.0,0.012
1684814283.4298987,0.0,0.012
1684814283.449488,0.0,0.012
1684814283.4702857,0.0,0.012
1684814283.4896984,0.0,0.012
1684814283.5097454,0.0,0.012
1684814283.5304575,0.0,0.012
1684814283.5500364,0.0,0.012
1684814283.5703776,0.0,0.012
1684814283.5908742,0.0,0.012
1684814283.609948,0.0,0.012
1684814283.6307886,0.0,0.012
1684814283.6504774,0.0,0.012
1684814283.6700945,0.0,0.012
1684814283.6904795,0.0,0.012
1684814283.709819,0.0,0.012
1684814283.730422,0.0,0.012
1684814283.7509494,0.0,0.012
1684814283.7697544,0.0,0.012
1684814283.7907577,0.0,0.012
1684814283.8094847,0.0,0.012
1684814283.8298173,0.0,0.012
1684814283.8505354,0.0,0.012
1684814283.8694782,0.0,0.012
1684814283.8901246,0.0,0.012
1684814283.9099557,0.0,0.012
1684814283.9297023,0.0,0.012
1684814283.9495988,0.0,0.012
1684814283.9692569,0.0,0.012
1684814283.990436,0.0,0.012
1684814284.009825,0.0,0.012
1684814284.0304263,0.0,0.012
1684814284.0497293,0.0,0.012
1684814284.0703285,0.0,0.012
1684814284.0898952,0.0,0.012
1684814284.1096818,0.0,0.012
1684814284.130308,0.0,0.012
1684814284.1500678,0.0,0.012
1684814284.169108,0.0,0.012
1684814284.18981,0.0,0.012
1684814284.2096593,0.0,0.012
1684814284.2299218,0.0,0.012
1684814284.2508516,0.0,0.44
1684814284.2705991,0.0,0.44
1684814284.289681,0.0,0.44
1684814284.3102264,0.0,0.44
1684814284.3300397,0.0,0.44
1684814284.3502705,0.0,0.44
1684814284.370391,0.0,0.44
1684814284.3899367,0.0,0.44
1684814284.4097385,0.0,0.44
1684814284.4305341,0.0,0.44
1684814284.4491456,0.0,0.44
1684814284.469266,0.0,0.44
1684814284.4907725,0.0,0.44
1684814284.5099704,0.0,0.44
1684814284.5302107,0.0,0.44
1684814284.5498214,0.0,0.44
1684814284.5695896,0.0,0.44
1684814284.5898006,0.0,0.44
1684814284.6096857,0.0,0.44
1684814284.629607,0.0,0.44
1684814284.6503475,0.0,0.44
1684814284.6697953,0.0,0.44
1684814284.690131,0.0,0.44
1684814284.7100222,0.0,0.44
1684814284.7303715,0.0,0.44
1684814284.7494016,0.0,0.44
1684814284.7695193,0.0,0.44
1684814284.7899513,0.0,0.44
1684814284.8095682,0.0,0.44
1684814284.8295598,0.0,0.44
1684814284.8494956,0.0,0.44
1684814284.8702016,0.0,0.44
1684814284.8898437,0.0,0.44
1684814284.910294,0.0,0.44
1684814284.9297493,0.0,0.44
1684814284.9498038,0.0,0.44
1684814284.9699457,0.0,0.44
1684814284.9907808,0.0,0.44
1684814285.0102768,0.0,0.44
1684814285.0298755,0.0,0.44
1684814285.0496674,0.0,0.44
1684814285.0703418,0.0,0.44
1684814285.0897763,0.0,0.44
1684814285.1103275,0.0,0.44
1684814285.130226,0.0,0.44
1684814285.150306,0.0,0.44
1684814285.16988,0.0,0.44
1684814285.1898327,0.0,0.44
1684814285.2104397,0.0,0.44
1684814285.2298183,0.0,0.44
1684814285.2505753,0.0,0.44
1684814285.2704957,65.04923000000002,1.416
1684814285.2898927,65.04923000000002,1.416
1684814285.3099093,65.04923000000002,1.416
1684814285.329667,65.04923000000002,1.416
1684814285.3501174,65.04923000000002,1.416
1684814285.3711689,65.04923000000002,1.416
1684814285.3896494,65.04923000000002,1.416
1684814285.4101453,65.04923000000002,1.416
1684814285.4304152,65.04923000000002,1.416
1684814285.4496982,65.04923000000002,1.416
1684814285.4700477,65.04923000000002,1.416
1684814285.4903753,65.04923000000002,1.416
1684814285.5093365,65.04923000000002,1.416
1684814285.5310051,65.04923000000002,1.416
1684814285.5497618,65.04923000000002,1.416
1684814285.569677,65.04923000000002,1.416
1684814285.590007,65.04923000000002,1.416
1684814285.609477,65.04923000000002,1.416
1684814285.6299255,65.04923000000002,1.416
1684814285.6503015,65.04923000000002,1.416
1684814285.6694562,65.04923000000002,1.416
1684814285.690432,65.04923000000002,1.416
1684814285.709885,65.04923000000002,1.416
1684814285.7299693,65.04923000000002,1.416
1684814285.750507,65.04923000000002,1.416
1684814285.7691555,65.04923000000002,1.416
1684814285.7895844,65.04923000000002,1.416
1684814285.8099866,65.04923000000002,1.416
1684814285.8298373,65.04923000000002,1.416
1684814285.850699,65.04923000000002,1.416
1684814285.8701494,65.04923000000002,1.416
1684814285.8897393,65.04923000000002,1.416
1684814285.910239,65.04923000000002,1.416
1684814285.9302778,65.04923000000002,1.416
1684814285.95067,65.04923000000002,1.416
1684814285.969956,65.04923000000002,1.416
1684814285.9894247,65.04923000000002,1.416
1684814286.0103304,65.04923000000002,1.416
1684814286.0309346,65.04923000000002,1.416
1684814286.0500252,65.04923000000002,1.416
1684814286.0703893,65.04923000000002,1.416
1684814286.0897644,65.04923000000002,1.416
1684814286.1100533,65.04923000000002,1.416
1684814286.1304445,65.04923000000002,1.416
1684814286.1499822,65.04923000000002,1.416
1684814286.1700234,65.04923000000002,1.416
1684814286.1904926,65.04923000000002,1.416
1684814286.2099948,65.04923000000002,1.416
1684814286.2303436,65.04923000000002,1.416
1684814286.250256,64.16062999999997,2.085
1684814286.2700834,64.16062999999997,2.085
1684814286.2903218,64.16062999999997,2.085
1684814286.3106794,64.16062999999997,2.085
1684814286.3301294,64.16062999999997,2.085
1684814286.3504179,64.16062999999997,2.085
1684814286.370036,64.16062999999997,2.085
1684814286.3897645,64.16062999999997,2.085
1684814286.4104342,64.16062999999997,2.085
1684814286.4295564,64.16062999999997,2.085
1684814286.4506657,64.16062999999997,2.085
1684814286.4704235,64.16062999999997,2.085
1684814286.4901998,64.16062999999997,2.085
1684814286.510376,64.16062999999997,2.085
1684814286.5299146,64.16062999999997,2.085
1684814286.549283,64.16062999999997,2.085
1684814286.5700848,64.16062999999997,2.085
1684814286.5902183,64.16062999999997,2.085
1684814286.6104417,64.16062999999997,2.085
1684814286.6302252,64.16062999999997,2.085
1684814286.6495585,64.16062999999997,2.085
1684814286.6704512,64.16062999999997,2.085
1684814286.6902094,64.16062999999997,2.085
1684814286.7097974,64.16062999999997,2.085
1684814286.7304473,64.16062999999997,2.085
1684814286.749763,64.16062999999997,2.085
1684814286.770395,64.16062999999997,2.085
1684814286.7900684,64.16062999999997,2.085
1684814286.8094823,64.16062999999997,2.085
1684814286.8301907,64.16062999999997,2.085
1684814286.8502517,64.16062999999997,2.085
1684814286.8699586,64.16062999999997,2.085
1684814286.8903813,64.16062999999997,2.085
1684814286.9101286,64.16062999999997,2.085
1684814286.9298847,64.16062999999997,2.085
1684814286.950063,64.16062999999997,2.085
1684814286.9701505,64.16062999999997,2.085
1684814286.9898257,64.16062999999997,2.085
1684814287.0104208,64.16062999999997,2.085
1684814287.029371,64.16062999999997,2.085
1684814287.0498285,64.16062999999997,2.085
1684814287.069665,64.16062999999997,2.085
1684814287.089779,64.16062999999997,2.085
1684814287.1098833,64.16062999999997,2.085
1684814287.129337,64.16062999999997,2.085
1684814287.1498976,64.16062999999997,2.085
1684814287.1703105,64.16062999999997,2.085
1684814287.1896775,64.16062999999997,2.085
1684814287.2098253,64.16062999999997,2.085
1684814287.2302344,64.16062999999997,2.085
1684814287.2497509,56.0487,2.548
1684814287.2703426,56.0487,2.548
1684814287.2900176,56.0487,2.548
1684814287.3100457,56.0487,2.548
1684814287.3304894,56.0487,2.548
1684814287.3498034,56.0487,2.548
1684814287.369847,56.0487,2.548
1684814287.38994,56.0487,2.548
1684814287.410041,56.0487,2.548
1684814287.4301407,56.0487,2.548
1684814287.4504924,56.0487,2.548
1684814287.4701319,56.0487,2.548
1684814287.49056,56.0487,2.548
1684814287.5098023,56.0487,2.548
1684814287.5304525,56.0487,2.548
1684814287.5503948,56.0487,2.548
1684814287.5696545,56.0487,2.548
1684814287.5898395,56.0487,2.548
1684814287.6100304,56.0487,2.548
1684814287.630009,56.0487,2.548
1684814287.6503253,56.0487,2.548
1684814287.6698773,56.0487,2.548
1684814287.689899,56.0487,2.548
1684814287.710427,56.0487,2.548
1684814287.7299356,56.0487,2.548
1684814287.749949,56.0487,2.548
1684814287.7705243,56.0487,2.548
1684814287.7896783,56.0487,2.548
1684814287.8108003,56.0487,2.548
1684814287.8300445,56.0487,2.548
1684814287.8497498,56.0487,2.548
1684814287.8708448,56.0487,2.548
1684814287.8898942,56.0487,2.548
1684814287.909815,56.0487,2.548
1684814287.930542,56.0487,2.548
1684814287.9498534,56.0487,2.548
1684814287.9703393,56.0487,2.548
1684814287.9897752,56.0487,2.548
1684814288.00985,56.0487,2.548
1684814288.0298476,56.0487,2.548
1684814288.0495865,56.0487,2.548
1684814288.0694962,56.0487,2.548
1684814288.0897295,56.0487,2.548
1684814288.109339,56.0487,2.548
1684814288.1298459,56.0487,2.548
1684814288.1504047,56.0487,2.548
1684814288.169818,56.0487,2.548
1684814288.1902895,56.0487,2.548
1684814288.210135,56.0487,2.548
1684814288.229941,56.0487,2.548
1684814288.250495,47.403039999999976,2.87
1684814288.2695289,47.403039999999976,2.87
1684814288.2899783,47.403039999999976,2.87
1684814288.309981,47.403039999999976,2.87
1684814288.3293746,47.403039999999976,2.87
1684814288.349821,47.403039999999976,2.87
1684814288.3697643,47.403039999999976,2.87
1684814288.3893178,47.403039999999976,2.87
1684814288.40973,47.403039999999976,2.87
1684814288.4299326,47.403039999999976,2.87
1684814288.4496422,47.403039999999976,2.87
1684814288.4704907,47.403039999999976,2.87
1684814288.4898064,47.403039999999976,2.87
1684814288.5098567,47.403039999999976,2.87
1684814288.5306191,47.403039999999976,2.87
1684814288.549911,47.403039999999976,2.87
1684814288.570339,47.403039999999976,2.87
1684814288.5904474,47.403039999999976,2.87
1684814288.6099722,47.403039999999976,2.87
1684814288.6304405,47.403039999999976,2.87
1684814288.6499426,47.403039999999976,2.87
1684814288.6699913,47.403039999999976,2.87
1684814288.6899066,47.403039999999976,2.87
1684814288.7099278,47.403039999999976,2.87
1684814288.7306821,47.403039999999976,2.87
1684814288.7509243,47.403039999999976,2.87
1684814288.769707,47.403039999999976,2.87
1684814288.7903152,47.403039999999976,2.87
1684814288.810646,47.403039999999976,2.87
1684814288.8300676,47.403039999999976,2.87
1684814288.850346,47.403039999999976,2.87
1684814288.8701856,47.403039999999976,2.87
1684814288.8900003,47.403039999999976,2.87
1684814288.9108806,47.403039999999976,2.87
1684814288.9297633,47.403039999999976,2.87
1684814288.950415,47.403039999999976,2.87
1684814288.9702213,47.403039999999976,2.87
1684814288.9900062,47.403039999999976,2.87
1684814289.0104315,47.403039999999976,2.87
1684814289.0299814,47.403039999999976,2.87
1684814289.0499809,47.403039999999976,2.87
1684814289.069839,47.403039999999976,2.87
1684814289.090361,47.403039999999976,2.87
1684814289.1100996,47.403039999999976,2.87
1684814289.1303885,47.403039999999976,2.87
1684814289.1498406,47.403039999999976,2.87
1684814289.1703727,47.403039999999976,2.87
1684814289.1903484,47.403039999999976,2.87
1684814289.2101333,47.403039999999976,2.87
1684814289.229758,47.403039999999976,2.87
1684814289.2499197,47.403039999999976,2.87
1684814289.2699807,44.05189999999999,3.083
1684814289.2902994,44.05189999999999,3.083
1684814289.3100128,44.05189999999999,3.083
1684814289.3302014,44.05189999999999,3.083
1684814289.350357,44.05189999999999,3.083
1684814289.3699026,44.05189999999999,3.083
1684814289.3895934,44.05189999999999,3.083
1684814289.409867,44.05189999999999,3.083
1684814289.4296837,44.05189999999999,3.083
1684814289.4499536,44.05189999999999,3.083
1684814289.4699981,44.05189999999999,3.083
1684814289.4893315,44.05189999999999,3.083
1684814289.5100248,44.05189999999999,3.083
1684814289.5298405,44.05189999999999,3.083
1684814289.5495667,44.05189999999999,3.083
1684814289.5699136,44.05189999999999,3.083
1684814289.589817,44.05189999999999,3.083
1684814289.6098683,44.05189999999999,3.083
1684814289.6302469,44.05189999999999,3.083
1684814289.649667,44.05189999999999,3.083
1684814289.670286,44.05189999999999,3.083
1684814289.690212,44.05189999999999,3.083
1684814289.71039,44.05189999999999,3.083
1684814289.7305238,44.05189999999999,3.083
1684814289.7495887,44.05189999999999,3.083
1684814289.7702117,44.05189999999999,3.083
1684814289.7903705,44.05189999999999,3.083
1684814289.809764,44.05189999999999,3.083
1684814289.8303254,44.05189999999999,3.083
1684814289.8498344,44.05189999999999,3.083
1684814289.8698819,44.05189999999999,3.083
1684814289.8904002,44.05189999999999,3.083
1684814289.9098072,44.05189999999999,3.083
1684814289.9303324,44.05189999999999,3.083
1684814289.9505484,44.05189999999999,3.083
1684814289.9699078,44.05189999999999,3.083
1684814289.9906194,44.05189999999999,3.083
1684814290.0099952,44.05189999999999,3.083
1684814290.030245,44.05189999999999,3.083
1684814290.0504558,44.05189999999999,3.083
1684814290.0703697,44.05189999999999,3.083
1684814290.0910325,44.05189999999999,3.083
1684814290.1102664,44.05189999999999,3.083
1684814290.1299863,44.05189999999999,3.083
1684814290.1503584,44.05189999999999,3.083
1684814290.1703348,44.05189999999999,3.083
1684814290.1897368,44.05189999999999,3.083
1684814290.2103362,44.05189999999999,3.083
1684814290.2298884,44.05189999999999,3.083
1684814290.249866,43.81135999999998,2.384
1684814290.2703235,43.81135999999998,2.384
1684814290.290158,43.81135999999998,2.384
1684814290.3099444,43.81135999999998,2.384
1684814290.3304565,43.81135999999998,2.384
1684814290.3498406,43.81135999999998,2.384
1684814290.3704867,43.81135999999998,2.384
1684814290.3905919,43.81135999999998,2.384
1684814290.4100356,43.81135999999998,2.384
1684814290.4304333,43.81135999999998,2.384
1684814290.4499247,43.81135999999998,2.384
1684814290.4699566,43.81135999999998,2.384
1684814290.4903455,43.81135999999998,2.384
1684814290.5095263,43.81135999999998,2.384
1684814290.529804,43.81135999999998,2.384
1684814290.5504227,43.81135999999998,2.384
1684814290.5697663,43.81135999999998,2.384
1684814290.5904589,43.81135999999998,2.384
1684814290.610278,43.81135999999998,2.384
1684814290.6296513,43.81135999999998,2.384
1684814290.6508362,43.81135999999998,2.384
1684814290.6700552,43.81135999999998,2.384
1684814290.6901922,43.81135999999998,2.384
1684814290.7109163,43.81135999999998,2.384
1684814290.729686,43.81135999999998,2.384
1684814290.7495337,43.81135999999998,2.384
1684814290.77033,43.81135999999998,2.384
1684814290.7896821,43.81135999999998,2.384
1684814290.8099053,43.81135999999998,2.384
1684814290.8304784,43.81135999999998,2.384
1684814290.85018,43.81135999999998,2.384
1684814290.8704364,43.81135999999998,2.384
1684814290.890047,43.81135999999998,2.384
1684814290.9098756,43.81135999999998,2.384
1684814290.9305062,43.81135999999998,2.384
1684814290.9500582,43.81135999999998,2.384
1684814290.9702358,43.81135999999998,2.384
1684814290.9904706,43.81135999999998,2.384
1684814291.0095553,43.81135999999998,2.384
1684814291.030295,43.81135999999998,2.384
1684814291.0505002,43.81135999999998,2.384
1684814291.069957,43.81135999999998,2.384
1684814291.0899112,43.81135999999998,2.384
1684814291.1100013,43.81135999999998,2.384
1684814291.1299415,43.81135999999998,2.384
1684814291.150469,43.81135999999998,2.384
1684814291.1699157,43.81135999999998,2.384
1684814291.1900187,43.81135999999998,2.384
1684814291.21051,43.81135999999998,2.384
1684814291.2297013,43.81135999999998,2.384
1684814291.2498696,43.81135999999998,2.384
1684814291.270398,43.81135999999998,0.127
1684814291.290023,43.81135999999998,0.127
1684814291.3098428,43.81135999999998,0.127
1684814291.3298836,43.81135999999998,0.127
1684814291.3504548,43.81135999999998,0.127
1684814291.3705542,43.81135999999998,0.127
1684814291.3897483,43.81135999999998,0.127
1684814291.4100304,43.81135999999998,0.127
1684814291.4297235,43.81135999999998,0.127
1684814291.4500046,43.81135999999998,0.127
1684814291.4704878,43.81135999999998,0.127
1684814291.4897983,43.81135999999998,0.127
1684814291.5100732,43.81135999999998,0.127
1684814291.5305254,43.81135999999998,0.127
1684814291.5497768,43.81135999999998,0.127
1684814291.5704873,43.81135999999998,0.127
1684814291.589918,43.81135999999998,0.127
1684814291.6100574,43.81135999999998,0.127
1684814291.6303942,43.81135999999998,0.127
1684814291.6502666,43.81135999999998,0.127
1684814291.669979,43.81135999999998,0.127
1684814291.6904986,43.81135999999998,0.127
1684814291.7097027,43.81135999999998,0.127
1684814291.730294,43.81135999999998,0.127
1684814291.750072,43.81135999999998,0.127
1684814291.769446,43.81135999999998,0.127
1684814291.7900171,43.81135999999998,0.127
1684814291.8093185,43.81135999999998,0.127
1684814291.8294137,43.81135999999998,0.127
1684814291.8504965,43.81135999999998,0.127
1684814291.8703244,43.81135999999998,0.127
1684814291.8899248,43.81135999999998,0.127
1684814291.9099224,43.81135999999998,0.127
1684814291.9297562,43.81135999999998,0.127
1684814291.950391,43.81135999999998,0.127
1684814291.9699237,43.81135999999998,0.127
1684814291.989966,43.81135999999998,0.127
1684814292.0102303,43.81135999999998,0.127
1684814292.0301638,43.81135999999998,0.127
1684814292.049893,43.81135999999998,0.127
1684814292.0705519,43.81135999999998,0.127
1684814292.089891,43.81135999999998,0.127
1684814292.1107574,43.81135999999998,0.127
1684814292.1307497,43.81135999999998,0.127
1684814292.1499104,43.81135999999998,0.127
1684814292.1698077,43.81135999999998,0.127
1684814292.190222,43.81135999999998,0.127
1684814292.210239,43.81135999999998,0.127
1684814292.230686,43.81135999999998,0.127
1684814292.249905,43.81135999999998,0.006
1684814292.2700732,43.81135999999998,0.006
1684814292.290727,43.81135999999998,0.006
1684814292.309782,43.81135999999998,0.006
1684814292.3305943,43.81135999999998,0.006
1684814292.3505232,43.81135999999998,0.006
1684814292.3696382,43.81135999999998,0.006
1684814292.3899863,43.81135999999998,0.006
1684814292.4101164,43.81135999999998,0.006
1684814292.4300852,43.81135999999998,0.006
1684814292.450034,43.81135999999998,0.006
1684814292.4702256,43.81135999999998,0.006
1684814292.490158,43.81135999999998,0.006
1684814292.5097656,43.81135999999998,0.006
1684814292.5298212,43.81135999999998,0.006
1684814292.550045,43.81135999999998,0.006
1684814292.569833,43.81135999999998,0.006
1684814292.5896316,43.81135999999998,0.006
1684814292.6104712,43.81135999999998,0.006
1684814292.6300962,43.81135999999998,0.006
1684814292.6501007,43.81135999999998,0.006
1684814292.6704743,43.81135999999998,0.006
1684814292.6898472,43.81135999999998,0.006
1684814292.7106774,43.81135999999998,0.006
1684814292.731049,43.81135999999998,0.006
1684814292.7501125,43.81135999999998,0.006
1684814292.7704117,43.81135999999998,0.006
1684814292.790019,43.81135999999998,0.006
1684814292.8100836,43.81135999999998,0.006
1684814292.8304594,43.81135999999998,0.006
1684814292.8500433,43.81135999999998,0.006
1684814292.8700078,43.81135999999998,0.006
1684814292.8904057,43.81135999999998,0.006
1684814292.9098709,43.81135999999998,0.006
1684814292.9304066,43.81135999999998,0.006
1684814292.950378,43.81135999999998,0.006
1684814292.9698508,43.81135999999998,0.006
1684814292.9906092,43.81135999999998,0.006
1684814293.0101867,43.81135999999998,0.006
1684814293.029528,43.81135999999998,0.006
1684814293.0502288,43.81135999999998,0.006
1684814293.069772,43.81135999999998,0.006
1684814293.0904064,43.81135999999998,0.006
1684814293.1103415,43.81135999999998,0.006
1684814293.1299915,43.81135999999998,0.006
1684814293.150451,43.81135999999998,0.006
1684814293.1705444,43.81135999999998,0.006
1684814293.1899161,43.81135999999998,0.006
1684814293.2103863,43.81135999999998,0.006
1684814293.2299168,43.81135999999998,0.006
1684814293.2497861,43.81135999999998,0.006
1684814293.2705014,43.81135999999998,0.007
1684814293.2897372,43.81135999999998,0.007
1684814293.310215,43.81135999999998,0.007
1684814293.3303082,43.81135999999998,0.007
1684814293.3493037,43.81135999999998,0.007
1684814293.3704412,43.81135999999998,0.007
1684814293.3903356,43.81135999999998,0.007
1684814293.4099321,43.81135999999998,0.007
1684814293.4303873,43.81135999999998,0.007
1684814293.4496546,43.81135999999998,0.007
1684814293.4700124,43.81135999999998,0.007
1684814293.4904735,43.81135999999998,0.007
1684814293.5096543,43.81135999999998,0.007
1684814293.5304155,43.81135999999998,0.007
1684814293.550296,43.81135999999998,0.007
1684814293.5697794,43.81135999999998,0.007
1684814293.5903318,43.81135999999998,0.007
1684814293.6102793,43.81135999999998,0.007
1684814293.629751,43.81135999999998,0.007
1684814293.6507225,43.81135999999998,0.007
1684814293.6699028,43.81135999999998,0.007
1684814293.6904395,43.81135999999998,0.007
1684814293.7103703,43.81135999999998,0.007
1684814293.7296956,43.81135999999998,0.007
1684814293.7508414,43.81135999999998,0.007
1684814293.770085,43.81135999999998,0.007
1684814293.7897577,43.81135999999998,0.007
1684814293.8102102,43.81135999999998,0.007
1684814293.8300369,43.81135999999998,0.007
1684814293.8500364,43.81135999999998,0.007
1684814293.8704476,43.81135999999998,0.007
1684814293.8897545,43.81135999999998,0.007
1684814293.9106143,43.81135999999998,0.007
1684814293.93046,43.81135999999998,0.007
1684814293.9500966,43.81135999999998,0.007
1684814293.9706624,43.81135999999998,0.007
1684814293.9903286,43.81135999999998,0.007
1684814294.0107195,43.81135999999998,0.007
1684814294.030315,43.81135999999998,0.007
1684814294.049976,43.81135999999998,0.007
1684814294.069952,43.81135999999998,0.007
1684814294.0904646,43.81135999999998,0.007
1684814294.1097746,43.81135999999998,0.007
1684814294.1310794,43.81135999999998,0.007
1684814294.1504133,43.81135999999998,0.007
1684814294.169991,43.81135999999998,0.007
1684814294.190628,43.81135999999998,0.007
1684814294.2105083,43.81135999999998,0.007
1684814294.2300231,43.81135999999998,0.007
1684814294.2503624,43.81135999999998,0.005
1684814294.2701712,43.81135999999998,0.005
1684814294.2899277,43.81135999999998,0.005
1684814294.3106143,43.81135999999998,0.005
1684814294.3298962,43.81135999999998,0.005
1684814294.3505936,43.81135999999998,0.005
1684814294.369947,43.81135999999998,0.005
1684814294.390105,43.81135999999998,0.005
1684814294.4098747,43.81135999999998,0.005
1684814294.429781,43.81135999999998,0.005
1684814294.4498284,43.81135999999998,0.005
1684814294.4700816,43.81135999999998,0.005
1684814294.4901245,43.81135999999998,0.005
1684814294.5100238,43.81135999999998,0.005
1684814294.5300555,43.81135999999998,0.005
1684814294.5495057,43.81135999999998,0.005
1684814294.5699348,43.81135999999998,0.005
1684814294.5906281,43.81135999999998,0.005
1684814294.610454,43.81135999999998,0.005
1684814294.6304317,43.81135999999998,0.005
1684814294.6499693,43.81135999999998,0.005
1684814294.6699553,43.81135999999998,0.005
1684814294.690337,43.81135999999998,0.005
1684814294.709722,43.81135999999998,0.005
1684814294.7296088,43.81135999999998,0.005
1684814294.7510955,43.81135999999998,0.005
1684814294.7696335,43.81135999999998,0.005
1684814294.7903829,43.81135999999998,0.005
1684814294.8101003,43.81135999999998,0.005
1684814294.829347,43.81135999999998,0.005
1684814294.849943,43.81135999999998,0.005
1684814294.870195,43.81135999999998,0.005
1684814294.8899279,43.81135999999998,0.005
1684814294.9100225,43.81135999999998,0.005
1684814294.9295862,43.81135999999998,0.005
1684814294.9499419,43.81135999999998,0.005
1684814294.969949,43.81135999999998,0.005
1684814294.989627,43.81135999999998,0.005
1684814295.009965,43.81135999999998,0.005
1684814295.0298252,43.81135999999998,0.005
1684814295.0496829,43.81135999999998,0.005
1684814295.0699594,43.81135999999998,0.005
1684814295.0900874,43.81135999999998,0.005
1684814295.1099958,43.81135999999998,0.005
1684814295.1298866,43.81135999999998,0.005
1684814295.1499414,43.81135999999998,0.005
1684814295.1704123,43.81135999999998,0.005
1684814295.1905205,43.81135999999998,0.005
1684814295.2097313,43.81135999999998,0.005
1684814295.22992,43.81135999999998,0.005
1684814295.2507856,43.81135999999998,0.005
1684814295.2698967,43.81135999999998,0.047
1684814295.28991,43.81135999999998,0.047
1684814295.3100584,43.81135999999998,0.047
1684814295.3297126,43.81135999999998,0.047
1684814295.351059,43.81135999999998,0.047
1684814295.3697543,43.81135999999998,0.047
1684814295.389963,43.81135999999998,0.047
1684814295.4103758,43.81135999999998,0.047
1684814295.430018,43.81135999999998,0.047
1684814295.4499369,43.81135999999998,0.047
1684814295.469732,43.81135999999998,0.047
1684814295.4892848,43.81135999999998,0.047
1684814295.5104706,43.81135999999998,0.047
1684814295.5299573,43.81135999999998,0.047
1684814295.54978,43.81135999999998,0.047
1684814295.5704248,43.81135999999998,0.047
1684814295.5896525,43.81135999999998,0.047
1684814295.6099234,43.81135999999998,0.047
1684814295.6304123,43.81135999999998,0.047
1684814295.649621,43.81135999999998,0.047
1684814295.670003,43.81135999999998,0.047
1684814295.6899567,43.81135999999998,0.047
1684814295.7098532,43.81135999999998,0.047
1684814295.7301145,43.81135999999998,0.047
1684814295.7497518,43.81135999999998,0.047
1684814295.769632,43.81135999999998,0.047
1684814295.7899797,43.81135999999998,0.047
1684814295.8096664,43.81135999999998,0.047
1684814295.8298306,43.81135999999998,0.047
1684814295.8498535,43.81135999999998,0.047
1684814295.8698633,43.81135999999998,0.047
1684814295.889896,43.81135999999998,0.047
1684814295.9099557,43.81135999999998,0.047
1684814295.9297836,43.81135999999998,0.047
1684814295.9504817,43.81135999999998,0.047
1684814295.97015,43.81135999999998,0.047
1684814295.9905276,43.81135999999998,0.047
1684814296.010505,43.81135999999998,0.047
1684814296.0300179,43.81135999999998,0.047
1684814296.0505142,43.81135999999998,0.047
1684814296.0696478,43.81135999999998,0.047
1684814296.0900414,43.81135999999998,0.047
1684814296.1099343,43.81135999999998,0.047
1684814296.1294973,43.81135999999998,0.047
1684814296.149962,43.81135999999998,0.047
1684814296.1700509,43.81135999999998,0.047
1684814296.1894755,43.81135999999998,0.047
1684814296.2098396,43.81135999999998,0.047
1684814296.2298377,43.81135999999998,0.047
1684814296.2497206,43.81135999999998,0.61
1684814296.2698784,43.81135999999998,0.61
1684814296.289581,43.81135999999998,0.61
1684814296.3098805,43.81135999999998,0.61
1684814296.330415,43.81135999999998,0.61
1684814296.3502648,43.81135999999998,0.61
1684814296.3702617,43.81135999999998,0.61
1684814296.3898802,43.81135999999998,0.61
1684814296.4095721,43.81135999999998,0.61
1684814296.4298687,43.81135999999998,0.61
1684814296.449706,43.81135999999998,0.61
1684814296.4698932,43.81135999999998,0.61
1684814296.4899552,43.81135999999998,0.61
1684814296.5097833,43.81135999999998,0.61
1684814296.5299125,43.81135999999998,0.61
1684814296.550499,43.81135999999998,0.61
1684814296.5698128,43.81135999999998,0.61
1684814296.5906024,43.81135999999998,0.61
1684814296.610314,43.81135999999998,0.61
1684814296.629941,43.81135999999998,0.61
1684814296.6505353,43.81135999999998,0.61
1684814296.6701021,43.81135999999998,0.61
1684814296.6899016,43.81135999999998,0.61
1684814296.7103643,43.81135999999998,0.61
1684814296.7298539,43.81135999999998,0.61
1684814296.7504501,43.81135999999998,0.61
1684814296.7704883,43.81135999999998,0.61
1684814296.7899923,43.81135999999998,0.61
1684814296.8099475,43.81135999999998,0.61
1684814296.8302577,43.81135999999998,0.61
1684814296.8498094,43.81135999999998,0.61
1684814296.869903,43.81135999999998,0.61
1684814296.8899462,43.81135999999998,0.61
1684814296.910053,43.81135999999998,0.61
1684814296.930393,43.81135999999998,0.61
1684814296.9498978,43.81135999999998,0.61
1684814296.9705937,43.81135999999998,0.61
1684814296.9905329,43.81135999999998,0.61
1684814297.0097785,43.81135999999998,0.61
1684814297.0303972,43.81135999999998,0.61
1684814297.0502503,43.81135999999998,0.61
1684814297.0700448,43.81135999999998,0.61
1684814297.090801,43.81135999999998,0.61
1684814297.1098373,43.81135999999998,0.61
1684814297.1303759,43.81135999999998,0.61
1684814297.1505878,43.81135999999998,0.61
1684814297.1700609,43.81135999999998,0.61
1684814297.1903687,43.81135999999998,0.61
1684814297.210262,43.81135999999998,0.61
1684814297.2302277,43.81135999999998,0.61
1684814297.250321,43.46546999999998,1.286
1684814297.2698293,43.46546999999998,1.286
1684814297.290057,43.46546999999998,1.286
1684814297.310445,43.46546999999998,1.286
1684814297.3295157,43.46546999999998,1.286
1684814297.3503852,43.46546999999998,1.286
1684814297.3699918,43.46546999999998,1.286
1684814297.389797,43.46546999999998,1.286
1684814297.4099295,43.46546999999998,1.286
1684814297.4295433,43.46546999999998,1.286
1684814297.450148,43.46546999999998,1.286
1684814297.4704626,43.46546999999998,1.286
1684814297.4897742,43.46546999999998,1.286
1684814297.5104146,43.46546999999998,1.286
1684814297.5306294,43.46546999999998,1.286
1684814297.5497894,43.46546999999998,1.286
1684814297.5697062,43.46546999999998,1.286
1684814297.5903249,43.46546999999998,1.286
1684814297.6099231,43.46546999999998,1.286
1684814297.6304243,43.46546999999998,1.286
1684814297.6498752,43.46546999999998,1.286
1684814297.6698508,43.46546999999998,1.286
1684814297.6909468,43.46546999999998,1.286
1684814297.7098994,43.46546999999998,1.286
1684814297.7298322,43.46546999999998,1.286
1684814297.7504818,43.46546999999998,1.286
1684814297.770013,43.46546999999998,1.286
1684814297.7906306,43.46546999999998,1.286
1684814297.8099625,43.46546999999998,1.286
1684814297.8300912,43.46546999999998,1.286
1684814297.8504205,43.46546999999998,1.286
1684814297.8699832,43.46546999999998,1.286
1684814297.8892272,43.46546999999998,1.286
1684814297.9103787,43.46546999999998,1.286
1684814297.9297152,43.46546999999998,1.286
1684814297.9500325,43.46546999999998,1.286
1684814297.9702544,43.46546999999998,1.286
1684814297.9898288,43.46546999999998,1.286
1684814298.0104747,43.46546999999998,1.286
1684814298.0298188,43.46546999999998,1.286
1684814298.0501156,43.46546999999998,1.286
1684814298.0700247,43.46546999999998,1.286
1684814298.0896914,43.46546999999998,1.286
1684814298.1101196,43.46546999999998,1.286
1684814298.1300054,43.46546999999998,1.286
1684814298.1500342,43.46546999999998,1.286
1684814298.1703742,43.46546999999998,1.286
1684814298.1899798,43.46546999999998,1.286
1684814298.2100058,43.46546999999998,1.286
1684814298.2303758,43.46546999999998,1.286
1684814298.2499187,45.46343999999999,1.7830000000000001
1684814298.270114,45.46343999999999,1.7830000000000001
1684814298.2904894,45.46343999999999,1.7830000000000001
1684814298.3103414,45.46343999999999,1.7830000000000001
1684814298.3303106,45.46343999999999,1.7830000000000001
1684814298.35037,45.46343999999999,1.7830000000000001
1684814298.3698728,45.46343999999999,1.7830000000000001
1684814298.3903334,45.46343999999999,1.7830000000000001
1684814298.4098713,45.46343999999999,1.7830000000000001
1684814298.429997,45.46343999999999,1.7830000000000001
1684814298.4505377,45.46343999999999,1.7830000000000001
1684814298.4696906,45.46343999999999,1.7830000000000001
1684814298.4895759,45.46343999999999,1.7830000000000001
1684814298.5104568,45.46343999999999,1.7830000000000001
1684814298.5297904,45.46343999999999,1.7830000000000001
1684814298.5492482,45.46343999999999,1.7830000000000001
1684814298.5693662,45.46343999999999,1.7830000000000001
1684814298.5897105,45.46343999999999,1.7830000000000001
1684814298.610092,45.46343999999999,1.7830000000000001
1684814298.6303487,45.46343999999999,1.7830000000000001
1684814298.6500483,45.46343999999999,1.7830000000000001
1684814298.6704297,45.46343999999999,1.7830000000000001
1684814298.6898355,45.46343999999999,1.7830000000000001
1684814298.7102745,45.46343999999999,1.7830000000000001
1684814298.7305381,45.46343999999999,1.7830000000000001
1684814298.749895,45.46343999999999,1.7830000000000001
1684814298.7707489,45.46343999999999,1.7830000000000001
1684814298.790564,45.46343999999999,1.7830000000000001
1684814298.8101199,45.46343999999999,1.7830000000000001
1684814298.8303409,45.46343999999999,1.7830000000000001
1684814298.8499036,45.46343999999999,1.7830000000000001
1684814298.8708239,45.46343999999999,1.7830000000000001
1684814298.8904219,45.46343999999999,1.7830000000000001
1684814298.9095826,45.46343999999999,1.7830000000000001
1684814298.930395,45.46343999999999,1.7830000000000001
1684814298.9504895,45.46343999999999,1.7830000000000001
1684814298.9699252,45.46343999999999,1.7830000000000001
1684814298.990371,45.46343999999999,1.7830000000000001
1684814299.0099032,45.46343999999999,1.7830000000000001
1684814299.0300326,45.46343999999999,1.7830000000000001
1684814299.0504491,45.46343999999999,1.7830000000000001
1684814299.069791,45.46343999999999,1.7830000000000001
1684814299.0900347,45.46343999999999,1.7830000000000001
1684814299.1111176,45.46343999999999,1.7830000000000001
1684814299.1297722,45.46343999999999,1.7830000000000001
1684814299.1503532,45.46343999999999,1.7830000000000001
1684814299.1702585,45.46343999999999,1.7830000000000001
1684814299.1900728,45.46343999999999,1.7830000000000001
1684814299.2104902,45.46343999999999,1.7830000000000001
1684814299.2301803,45.46343999999999,1.7830000000000001
1684814299.2493382,46.520460000000014,2.108
1684814299.2705464,46.520460000000014,2.108
1684814299.289526,46.520460000000014,2.108
1684814299.3105078,46.520460000000014,2.108
1684814299.3303256,46.520460000000014,2.108
1684814299.3498049,46.520460000000014,2.108
1684814299.370427,46.520460000000014,2.108
1684814299.390011,46.520460000000014,2.108
1684814299.4100547,46.520460000000014,2.108
1684814299.430534,46.520460000000014,2.108
1684814299.4499981,46.520460000000014,2.108
1684814299.469908,46.520460000000014,2.108
1684814299.4904435,46.520460000000014,2.108
1684814299.5099406,46.520460000000014,2.108
1684814299.5303633,46.520460000000014,2.108
1684814299.5501747,46.520460000000014,2.108
1684814299.5699575,46.520460000000014,2.108
1684814299.5897284,46.520460000000014,2.108
1684814299.6098454,46.520460000000014,2.108
1684814299.6300983,46.520460000000014,2.108
1684814299.650474,46.520460000000014,2.108
1684814299.6695108,46.520460000000014,2.108
1684814299.6902475,46.520460000000014,2.108
1684814299.7104895,46.520460000000014,2.108
1684814299.7300406,46.520460000000014,2.108
1684814299.7502422,46.520460000000014,2.108
1684814299.7695947,46.520460000000014,2.108
1684814299.790001,46.520460000000014,2.108
1684814299.809956,46.520460000000014,2.108
1684814299.8299854,46.520460000000014,2.108
1684814299.8503418,46.520460000000014,2.108
1684814299.870024,46.520460000000014,2.108
1684814299.8899777,46.520460000000014,2.108
1684814299.910492,46.520460000000014,2.108
1684814299.9303782,46.520460000000014,2.108
1684814299.9499648,46.520460000000014,2.108
1684814299.9703848,46.520460000000014,2.108
1684814299.989913,46.520460000000014,2.108
1684814300.0100715,46.520460000000014,2.108
1684814300.0303679,46.520460000000014,2.108
1684814300.0498123,46.520460000000014,2.108
1684814300.0705068,46.520460000000014,2.108
1684814300.0900514,46.520460000000014,2.108
1684814300.1095445,46.520460000000014,2.108
1684814300.1304686,46.520460000000014,2.108
1684814300.149979,46.520460000000014,2.108
1684814300.169836,46.520460000000014,2.108
1684814300.1899126,46.520460000000014,2.108
1684814300.2099044,46.520460000000014,2.108
1684814300.2299712,46.520460000000014,2.108
1684814300.2504516,46.520460000000014,2.108
1684814300.2701817,49.62137999999999,1.393
1684814300.2899826,49.62137999999999,1.393
1684814300.3104084,49.62137999999999,1.393
1684814300.3298411,49.62137999999999,1.393
1684814300.350439,49.62137999999999,1.393
1684814300.37011,49.62137999999999,1.393
1684814300.3899398,49.62137999999999,1.393
1684814300.4104726,49.62137999999999,1.393
1684814300.4299495,49.62137999999999,1.393
1684814300.450118,49.62137999999999,1.393
1684814300.470411,49.62137999999999,1.393
1684814300.4893363,49.62137999999999,1.393
1684814300.5098078,49.62137999999999,1.393
1684814300.5301616,49.62137999999999,1.393
1684814300.5497048,49.62137999999999,1.393
1684814300.5699022,49.62137999999999,1.393
1684814300.5898035,49.62137999999999,1.393
1684814300.609922,49.62137999999999,1.393
1684814300.6304162,49.62137999999999,1.393
1684814300.650134,49.62137999999999,1.393
1684814300.6703634,49.62137999999999,1.393
1684814300.6900418,49.62137999999999,1.393
1684814300.7096977,49.62137999999999,1.393
1684814300.7299166,49.62137999999999,1.393
1684814300.7496188,49.62137999999999,1.393
1684814300.7698414,49.62137999999999,1.393
1684814300.7908883,49.62137999999999,1.393
1684814300.809744,49.62137999999999,1.393
1684814300.829568,49.62137999999999,1.393
1684814300.8500226,49.62137999999999,1.393
1684814300.869618,49.62137999999999,1.393
1684814300.890631,49.62137999999999,1.393
1684814300.9104614,49.62137999999999,1.393
1684814300.9301147,49.62137999999999,1.393
1684814300.9502416,49.62137999999999,1.393
1684814300.9701128,49.62137999999999,1.393
1684814300.9899452,49.62137999999999,1.393
1684814301.0107226,49.62137999999999,1.393
1684814301.0296776,49.62137999999999,1.393
1684814301.049854,49.62137999999999,1.393
1684814301.0705607,49.62137999999999,1.393
1684814301.0898094,49.62137999999999,1.393
1684814301.1103795,49.62137999999999,1.393
1684814301.130399,49.62137999999999,1.393
1684814301.1499383,49.62137999999999,1.393
1684814301.1704953,49.62137999999999,1.393
1684814301.1898754,49.62137999999999,1.393
1684814301.2099297,49.62137999999999,1.393
1684814301.2304614,49.62137999999999,1.393
1684814301.2495408,49.62137999999999,1.393
1684814301.2703784,49.62137999999999,0.061
1684814301.2904882,49.62137999999999,0.061
1684814301.309679,49.62137999999999,0.061
1684814301.3301597,49.62137999999999,0.061
1684814301.3503993,49.62137999999999,0.061
1684814301.3695865,49.62137999999999,0.061
1684814301.3899317,49.62137999999999,0.061
1684814301.4102943,49.62137999999999,0.061
1684814301.4298594,49.62137999999999,0.061
1684814301.4509988,49.62137999999999,0.061
1684814301.4698293,49.62137999999999,0.061
1684814301.4897776,49.62137999999999,0.061
1684814301.5106175,49.62137999999999,0.061
1684814301.5297885,49.62137999999999,0.061
1684814301.550206,49.62137999999999,0.061
1684814301.5703762,49.62137999999999,0.061
1684814301.5899494,49.62137999999999,0.061
1684814301.6103237,49.62137999999999,0.061
1684814301.6299582,49.62137999999999,0.061
1684814301.6500287,49.62137999999999,0.061
1684814301.6699746,49.62137999999999,0.061
1684814301.689551,49.62137999999999,0.061
1684814301.7101293,49.62137999999999,0.061
1684814301.7304764,49.62137999999999,0.061
1684814301.7494483,49.62137999999999,0.061
1684814301.7711272,49.62137999999999,0.061
1684814301.7901657,49.62137999999999,0.061
1684814301.8095927,49.62137999999999,0.061
1684814301.8302536,49.62137999999999,0.061
1684814301.8501108,49.62137999999999,0.061
1684814301.8706167,49.62137999999999,0.061
1684814301.8911839,49.62137999999999,0.061
1684814301.909813,49.62137999999999,0.061
1684814301.9296591,49.62137999999999,0.061
1684814301.9505112,49.62137999999999,0.061
1684814301.969706,49.62137999999999,0.061
1684814301.9904268,49.62137999999999,0.061
1684814302.0099633,49.62137999999999,0.061
1684814302.030141,49.62137999999999,0.061
1684814302.0500088,49.62137999999999,0.061
1684814302.0698266,49.62137999999999,0.061
1684814302.0904117,49.62137999999999,0.061
1684814302.110462,49.62137999999999,0.061
1684814302.1300232,49.62137999999999,0.061
1684814302.1502926,49.62137999999999,0.061
1684814302.169835,49.62137999999999,0.061
1684814302.1899598,49.62137999999999,0.061
1684814302.210478,49.62137999999999,0.061
1684814302.2297986,49.62137999999999,0.061
1684814302.250426,49.62137999999999,0.003
1684814302.2705114,49.62137999999999,0.003
1684814302.289824,49.62137999999999,0.003
1684814302.3099747,49.62137999999999,0.003
1684814302.3303745,49.62137999999999,0.003
1684814302.3499181,49.62137999999999,0.003
1684814302.370047,49.62137999999999,0.003
1684814302.3897665,49.62137999999999,0.003
1684814302.410564,49.62137999999999,0.003
1684814302.430861,49.62137999999999,0.003
1684814302.4497757,49.62137999999999,0.003
1684814302.4699807,49.62137999999999,0.003
1684814302.4900084,49.62137999999999,0.003
1684814302.5099268,49.62137999999999,0.003
1684814302.5300272,49.62137999999999,0.003
1684814302.5500207,49.62137999999999,0.003
1684814302.5698795,49.62137999999999,0.003
1684814302.5903206,49.62137999999999,0.003
1684814302.6096115,49.62137999999999,0.003
1684814302.630274,49.62137999999999,0.003
1684814302.6503513,49.62137999999999,0.003
1684814302.6699533,49.62137999999999,0.003
1684814302.6903465,49.62137999999999,0.003
1684814302.7099607,49.62137999999999,0.003
1684814302.7299128,49.62137999999999,0.003
1684814302.7504473,49.62137999999999,0.003
1684814302.769676,49.62137999999999,0.003
1684814302.7902324,49.62137999999999,0.003
1684814302.8104444,49.62137999999999,0.003
1684814302.8300452,49.62137999999999,0.003
1684814302.8505745,49.62137999999999,0.003
1684814302.8700566,49.62137999999999,0.003
1684814302.8899462,49.62137999999999,0.003
1684814302.9103913,49.62137999999999,0.003
1684814302.9299567,49.62137999999999,0.003
1684814302.9497721,49.62137999999999,0.003
1684814302.9704967,49.62137999999999,0.003
1684814302.9897664,49.62137999999999,0.003
1684814303.010387,49.62137999999999,0.003
1684814303.0304313,49.62137999999999,0.003
1684814303.0498333,49.62137999999999,0.003
1684814303.0704045,49.62137999999999,0.003
1684814303.0899286,49.62137999999999,0.003
1684814303.1100526,49.62137999999999,0.003
1684814303.1305125,49.62137999999999,0.003
1684814303.1499934,49.62137999999999,0.003
1684814303.1704533,49.62137999999999,0.003
1684814303.1911862,49.62137999999999,0.003
1684814303.2100103,49.62137999999999,0.003
1684814303.2302997,49.62137999999999,0.003
1684814303.2506447,49.62137999999999,0.003
1684814303.2701373,49.62137999999999,0.005
1684814303.2904475,49.62137999999999,0.005
1684814303.310044,49.62137999999999,0.005
1684814303.3301024,49.62137999999999,0.005
1684814303.350737,49.62137999999999,0.005
1684814303.3697972,49.62137999999999,0.005
1684814303.3904636,49.62137999999999,0.005
1684814303.410528,49.62137999999999,0.005
1684814303.4300852,49.62137999999999,0.005
1684814303.4504292,49.62137999999999,0.005
1684814303.4700382,49.62137999999999,0.005
1684814303.4900222,49.62137999999999,0.005
1684814303.5103939,49.62137999999999,0.005
1684814303.5299728,49.62137999999999,0.005
1684814303.550373,49.62137999999999,0.005
1684814303.5707707,49.62137999999999,0.005
1684814303.5904164,49.62137999999999,0.005
1684814303.6107469,49.62137999999999,0.005
1684814303.6299837,49.62137999999999,0.005
1684814303.6499605,49.62137999999999,0.005
1684814303.6703684,49.62137999999999,0.005
1684814303.689837,49.62137999999999,0.005
1684814303.7099366,49.62137999999999,0.005
1684814303.7305317,49.62137999999999,0.005
1684814303.7497082,49.62137999999999,0.005
1684814303.7704127,49.62137999999999,0.005
1684814303.79029,49.62137999999999,0.005
1684814303.8097959,49.62137999999999,0.005
1684814303.830382,49.62137999999999,0.005
1684814303.8499475,49.62137999999999,0.005
1684814303.8697662,49.62137999999999,0.005
1684814303.8904731,49.62137999999999,0.005
1684814303.9097905,49.62137999999999,0.005
1684814303.9301276,49.62137999999999,0.005
1684814303.9504573,49.62137999999999,0.005
1684814303.9696608,49.62137999999999,0.005
1684814303.990366,49.62137999999999,0.005
1684814304.0105357,49.62137999999999,0.005
1684814304.0298953,49.62137999999999,0.005
1684814304.0498571,49.62137999999999,0.005
1684814304.0699382,49.62137999999999,0.005
1684814304.0899663,49.62137999999999,0.005
1684814304.1106243,49.62137999999999,0.005
1684814304.1297681,49.62137999999999,0.005
1684814304.1498797,49.62137999999999,0.005
1684814304.1704295,49.62137999999999,0.005
1684814304.1897633,49.62137999999999,0.005
1684814304.2108185,49.62137999999999,0.005
1684814304.2296956,49.62137999999999,0.005
1684814304.2499235,49.62137999999999,0.005
1684814304.2706409,49.62137999999999,0.005
1684814304.2897644,49.62137999999999,0.005
1684814304.3099382,49.62137999999999,0.005
1684814304.3301907,49.62137999999999,0.005
1684814304.3497343,49.62137999999999,0.005
1684814304.3701527,49.62137999999999,0.005
1684814304.390467,49.62137999999999,0.005
1684814304.4096062,49.62137999999999,0.005
1684814304.4301136,49.62137999999999,0.005
1684814304.4502997,49.62137999999999,0.005
1684814304.4697556,49.62137999999999,0.005
1684814304.4910457,49.62137999999999,0.005
1684814304.5099225,49.62137999999999,0.005
1684814304.5297894,49.62137999999999,0.005
1684814304.5504012,49.62137999999999,0.005
1684814304.5698702,49.62137999999999,0.005
1684814304.5907743,49.62137999999999,0.005
1684814304.6103523,49.62137999999999,0.005
1684814304.6297264,49.62137999999999,0.005
1684814304.6503577,49.62137999999999,0.005
1684814304.670547,49.62137999999999,0.005
1684814304.6898303,49.62137999999999,0.005
1684814304.7104523,49.62137999999999,0.005
1684814304.729751,49.62137999999999,0.005
1684814304.7497218,49.62137999999999,0.005
1684814304.770119,49.62137999999999,0.005
1684814304.789394,49.62137999999999,0.005
1684814304.8095794,49.62137999999999,0.005
1684814304.8300486,49.62137999999999,0.005
1684814304.849589,49.62137999999999,0.005
1684814304.8699763,49.62137999999999,0.005
1684814304.8904538,49.62137999999999,0.005
1684814304.909947,49.62137999999999,0.005
1684814304.929735,49.62137999999999,0.005
1684814304.9497306,49.62137999999999,0.005
1684814304.9700754,49.62137999999999,0.005
1684814304.9901748,49.62137999999999,0.005
1684814305.0092928,49.62137999999999,0.005
1684814305.029865,49.62137999999999,0.005
1684814305.0497882,49.62137999999999,0.005
1684814305.0693662,49.62137999999999,0.005
1684814305.0894516,49.62137999999999,0.005
1684814305.109154,49.62137999999999,0.005
1684814305.1297445,49.62137999999999,0.005
1684814305.150051,49.62137999999999,0.005
1684814305.1696892,49.62137999999999,0.005
1684814305.1900325,49.62137999999999,0.005
1684814305.2098577,49.62137999999999,0.005
1684814305.2297223,49.62137999999999,0.005
1684814305.250702,49.62137999999999,0.005
1684814305.2700856,49.62137999999999,0.007
1684814305.2901542,49.62137999999999,0.007
1684814305.310907,49.62137999999999,0.007
1684814305.3297007,49.62137999999999,0.007
1684814305.349739,49.62137999999999,0.007
1684814305.370498,49.62137999999999,0.007
1684814305.3897035,49.62137999999999,0.007
1684814305.4111304,49.62137999999999,0.007
1684814305.429941,49.62137999999999,0.007
1684814305.4496436,49.62137999999999,0.007
1684814305.4709492,49.62137999999999,0.007
1684814305.4899924,49.62137999999999,0.007
1684814305.5100467,49.62137999999999,0.007
1684814305.5311434,49.62137999999999,0.007
1684814305.5497472,49.62137999999999,0.007
1684814305.5704718,49.62137999999999,0.007
1684814305.5907054,49.62137999999999,0.007
1684814305.6096747,49.62137999999999,0.007
1684814305.6315203,49.62137999999999,0.007
1684814305.6502326,49.62137999999999,0.007
1684814305.6696587,49.62137999999999,0.007
1684814305.6911922,49.62137999999999,0.007
1684814305.7096817,49.62137999999999,0.007
1684814305.729727,49.62137999999999,0.007
1684814305.750481,49.62137999999999,0.007
1684814305.7697299,49.62137999999999,0.007
1684814305.7902577,49.62137999999999,0.007
1684814305.8105369,49.62137999999999,0.007
1684814305.830092,49.62137999999999,0.007
1684814305.8503883,49.62137999999999,0.007
1684814305.870116,49.62137999999999,0.007
1684814305.889898,49.62137999999999,0.007
1684814305.9102428,49.62137999999999,0.007
1684814305.9298525,49.62137999999999,0.007
1684814305.950155,49.62137999999999,0.007
1684814305.9705944,49.62137999999999,0.007
1684814305.9898407,49.62137999999999,0.007
1684814306.010073,49.62137999999999,0.007
1684814306.0298162,49.62137999999999,0.007
1684814306.0498857,49.62137999999999,0.007
1684814306.0704415,49.62137999999999,0.007
1684814306.0899324,49.62137999999999,0.007
1684814306.109893,49.62137999999999,0.007
1684814306.13036,49.62137999999999,0.007
1684814306.149978,49.62137999999999,0.007
1684814306.1702225,49.62137999999999,0.007
1684814306.1903844,49.62137999999999,0.007
1684814306.2097836,49.62137999999999,0.007
1684814306.230488,49.62137999999999,0.007
1684814306.2505662,49.62137999999999,0.005
1684814306.270164,49.62137999999999,0.005
1684814306.290399,49.62137999999999,0.005
1684814306.3104105,49.62137999999999,0.005
1684814306.3299727,49.62137999999999,0.005
1684814306.3505237,49.62137999999999,0.005
1684814306.3698714,49.62137999999999,0.005
1684814306.3902109,49.62137999999999,0.005
1684814306.4105346,49.62137999999999,0.005
1684814306.4303603,49.62137999999999,0.005
1684814306.449933,49.62137999999999,0.005
1684814306.470887,49.62137999999999,0.005
1684814306.4901602,49.62137999999999,0.005
1684814306.5104055,49.62137999999999,0.005
1684814306.530002,49.62137999999999,0.005
1684814306.5500422,49.62137999999999,0.005
1684814306.5704527,49.62137999999999,0.005
1684814306.5898664,49.62137999999999,0.005
1684814306.6099007,49.62137999999999,0.005
1684814306.6304414,49.62137999999999,0.005
1684814306.6495068,49.62137999999999,0.005
1684814306.6697958,49.62137999999999,0.005
1684814306.6903684,49.62137999999999,0.005
1684814306.7099278,49.62137999999999,0.005
1684814306.7303298,49.62137999999999,0.005
1684814306.74997,49.62137999999999,0.005
1684814306.7697542,49.62137999999999,0.005
1684814306.790362,49.62137999999999,0.005
1684814306.8096352,49.62137999999999,0.005
1684814306.8303657,49.62137999999999,0.005
1684814306.85041,49.62137999999999,0.005
1684814306.8699353,49.62137999999999,0.005
1684814306.8898885,49.62137999999999,0.005
1684814306.910195,49.62137999999999,0.005
1684814306.9300122,49.62137999999999,0.005
1684814306.9505887,49.62137999999999,0.005
1684814306.9699454,49.62137999999999,0.005
1684814306.989971,49.62137999999999,0.005
1684814307.0099726,49.62137999999999,0.005
1684814307.029782,49.62137999999999,0.005
1684814307.0500124,49.62137999999999,0.005
1684814307.069792,49.62137999999999,0.005
1684814307.0898457,49.62137999999999,0.005
1684814307.1104412,49.62137999999999,0.005
1684814307.1299894,49.62137999999999,0.005
1684814307.14985,49.62137999999999,0.005
1684814307.169238,49.62137999999999,0.005
1684814307.1892312,49.62137999999999,0.005
1684814307.2098317,49.62137999999999,0.005
1684814307.2292807,49.62137999999999,0.005
1684814307.2491663,49.62137999999999,0.004
1684814307.2699463,49.62137999999999,0.004
1684814307.2899632,49.62137999999999,0.004
1684814307.309658,49.62137999999999,0.004
1684814307.329875,49.62137999999999,0.004
1684814307.3496192,49.62137999999999,0.004
1684814307.36924,49.62137999999999,0.004
1684814307.390389,49.62137999999999,0.004
1684814307.409719,49.62137999999999,0.004
1684814307.4304,49.62137999999999,0.004
1684814307.450668,49.62137999999999,0.004
1684814307.469564,49.62137999999999,0.004
1684814307.4906967,49.62137999999999,0.004
1684814307.5103235,49.62137999999999,0.004
1684814307.5299637,49.62137999999999,0.004
1684814307.5504603,49.62137999999999,0.004
1684814307.5699615,49.62137999999999,0.004
1684814307.5900319,49.62137999999999,0.004
1684814307.609488,49.62137999999999,0.004
1684814307.6293101,49.62137999999999,0.004
1684814307.6500523,49.62137999999999,0.004
1684814307.6708198,49.62137999999999,0.004
1684814307.690412,49.62137999999999,0.004
1684814307.7106092,49.62137999999999,0.004
1684814307.7303343,49.62137999999999,0.004
1684814307.7502341,49.62137999999999,0.004
1684814307.770459,49.62137999999999,0.004
1684814307.789663,49.62137999999999,0.004
1684814307.8092623,49.62137999999999,0.004
1684814307.829613,49.62137999999999,0.004
1684814307.8494608,49.62137999999999,0.004
1684814307.8699334,49.62137999999999,0.004
1684814307.8899028,49.62137999999999,0.004
1684814307.910126,49.62137999999999,0.004
1684814307.9303575,49.62137999999999,0.004
1684814307.9499843,49.62137999999999,0.004
1684814307.9701269,49.62137999999999,0.004
1684814307.9903498,49.62137999999999,0.004
1684814308.009801,49.62137999999999,0.004
1684814308.0311005,49.62137999999999,0.004
1684814308.050462,49.62137999999999,0.004
1684814308.0697753,49.62137999999999,0.004
1684814308.0906034,49.62137999999999,0.004
1684814308.1097593,49.62137999999999,0.004
1684814308.129827,49.62137999999999,0.004
1684814308.1503863,49.62137999999999,0.004
1684814308.1698458,49.62137999999999,0.004
1684814308.1903105,49.62137999999999,0.004
1684814308.2104816,49.62137999999999,0.004
1684814308.2299945,49.62137999999999,0.004
1684814308.2502213,49.62137999999999,0.006
1684814308.2705178,49.62137999999999,0.006
1684814308.290434,49.62137999999999,0.006
1684814308.31077,49.62137999999999,0.006
1684814308.3297675,49.62137999999999,0.006
1684814308.3503635,49.62137999999999,0.006
1684814308.3704772,49.62137999999999,0.006
1684814308.3900938,49.62137999999999,0.006
1684814308.4103942,49.62137999999999,0.006
1684814308.429306,49.62137999999999,0.006
1684814308.4498231,49.62137999999999,0.006
1684814308.4703171,49.62137999999999,0.006
1684814308.489693,49.62137999999999,0.006
1684814308.509731,49.62137999999999,0.006
1684814308.5300639,49.62137999999999,0.006
1684814308.5495453,49.62137999999999,0.006
1684814308.5695748,49.62137999999999,0.006
1684814308.5904248,49.62137999999999,0.006
1684814308.609753,49.62137999999999,0.006
1684814308.6303492,49.62137999999999,0.006
1684814308.650018,49.62137999999999,0.006
1684814308.6699018,49.62137999999999,0.006
1684814308.689886,49.62137999999999,0.006
1684814308.7094839,49.62137999999999,0.006
1684814308.730265,49.62137999999999,0.006
1684814308.7507358,49.62137999999999,0.006
1684814308.769707,49.62137999999999,0.006
1684814308.790372,49.62137999999999,0.006
1684814308.810308,49.62137999999999,0.006
1684814308.8298979,49.62137999999999,0.006
1684814308.8503478,49.62137999999999,0.006
1684814308.8700497,49.62137999999999,0.006
1684814308.8899274,49.62137999999999,0.006
1684814308.9104545,49.62137999999999,0.006
1684814308.9301054,49.62137999999999,0.006
1684814308.9500296,49.62137999999999,0.006
1684814308.9704533,49.62137999999999,0.006
1684814308.9898016,49.62137999999999,0.006
1684814309.010432,49.62137999999999,0.006
1684814309.0298727,49.62137999999999,0.006
1684814309.0495842,49.62137999999999,0.006
1684814309.070208,49.62137999999999,0.006
1684814309.0902455,49.62137999999999,0.006
1684814309.1101243,49.62137999999999,0.006
1684814309.1305034,49.62137999999999,0.006
1684814309.1501462,49.62137999999999,0.006
1684814309.1699967,49.62137999999999,0.006
1684814309.1906495,49.62137999999999,0.006
1684814309.2099154,49.62137999999999,0.006
1684814309.2302942,49.62137999999999,0.006
1684814309.2505066,49.62137999999999,0.006
1684814309.2698457,49.62137999999999,0.013000000000000001
1684814309.2902362,49.62137999999999,0.013000000000000001
1684814309.3099098,49.62137999999999,0.013000000000000001
1684814309.3296359,49.62137999999999,0.013000000000000001
1684814309.349924,49.62137999999999,0.013000000000000001
1684814309.369931,49.62137999999999,0.013000000000000001
1684814309.3900068,49.62137999999999,0.013000000000000001
1684814309.4103258,49.62137999999999,0.013000000000000001
1684814309.430082,49.62137999999999,0.013000000000000001
1684814309.4502866,49.62137999999999,0.013000000000000001
1684814309.470062,49.62137999999999,0.013000000000000001
1684814309.4895554,49.62137999999999,0.013000000000000001
1684814309.510487,49.62137999999999,0.013000000000000001
1684814309.5300245,49.62137999999999,0.013000000000000001
1684814309.5498693,49.62137999999999,0.013000000000000001
1684814309.5701697,49.62137999999999,0.013000000000000001
1684814309.5899763,49.62137999999999,0.013000000000000001
1684814309.6103077,49.62137999999999,0.013000000000000001
1684814309.6302266,49.62137999999999,0.013000000000000001
1684814309.6501303,49.62137999999999,0.013000000000000001
1684814309.6701355,49.62137999999999,0.013000000000000001
1684814309.690333,49.62137999999999,0.013000000000000001
1684814309.7099743,49.62137999999999,0.013000000000000001
1684814309.7303302,49.62137999999999,0.013000000000000001
1684814309.750337,49.62137999999999,0.013000000000000001
1684814309.7700913,49.62137999999999,0.013000000000000001
1684814309.7904713,49.62137999999999,0.013000000000000001
1684814309.809797,49.62137999999999,0.013000000000000001
1684814309.8302407,49.62137999999999,0.013000000000000001
1684814309.850298,49.62137999999999,0.013000000000000001
1684814309.86941,49.62137999999999,0.013000000000000001
1684814309.8899662,49.62137999999999,0.013000000000000001
1684814309.9100153,49.62137999999999,0.013000000000000001
1684814309.9301927,49.62137999999999,0.013000000000000001
1684814309.950437,49.62137999999999,0.013000000000000001
1684814309.9699962,49.62137999999999,0.013000000000000001
1684814309.9898572,49.62137999999999,0.013000000000000001
1684814310.0107694,49.62137999999999,0.013000000000000001
1684814310.0297756,49.62137999999999,0.013000000000000001
1684814310.050548,49.62137999999999,0.013000000000000001
1684814310.0697474,49.62137999999999,0.013000000000000001
1684814310.0894368,49.62137999999999,0.013000000000000001
1684814310.109938,49.62137999999999,0.013000000000000001
1684814310.129688,49.62137999999999,0.013000000000000001
1684814310.1494174,49.62137999999999,0.013000000000000001
1684814310.1700318,49.62137999999999,0.013000000000000001
1684814310.1895163,49.62137999999999,0.013000000000000001
1684814310.2098994,49.62137999999999,0.013000000000000001
1684814310.230169,49.62137999999999,0.013000000000000001
1684814310.2504773,49.62137999999999,0.013000000000000001
1684814310.2696662,49.62137999999999,0.004
1684814310.2904491,49.62137999999999,0.004
1684814310.3097079,49.62137999999999,0.004
1684814310.3314528,49.62137999999999,0.004
1684814310.3502398,49.62137999999999,0.004
1684814310.36967,49.62137999999999,0.004
1684814310.3901842,49.62137999999999,0.004
1684814310.4096694,49.62137999999999,0.004
1684814310.4297209,49.62137999999999,0.004
1684814310.450432,49.62137999999999,0.004
1684814310.4697611,49.62137999999999,0.004
1684814310.489732,49.62137999999999,0.004
1684814310.5104299,49.62137999999999,0.004
1684814310.5296235,49.62137999999999,0.004
1684814310.5517936,49.62137999999999,0.004
1684814310.5703728,49.62137999999999,0.004
1684814310.5903258,49.62137999999999,0.004
1684814310.6110942,49.62137999999999,0.004
1684814310.6300797,49.62137999999999,0.004
1684814310.650111,49.62137999999999,0.004
1684814310.6712039,49.62137999999999,0.004
1684814310.6897292,49.62137999999999,0.004
1684814310.7098598,49.62137999999999,0.004
1684814310.7304902,49.62137999999999,0.004
1684814310.7501774,49.62137999999999,0.004
1684814310.7705002,49.62137999999999,0.004
1684814310.7905507,49.62137999999999,0.004
1684814310.8098445,49.62137999999999,0.004
1684814310.8299608,49.62137999999999,0.004
1684814310.850353,49.62137999999999,0.004
1684814310.8699362,49.62137999999999,0.004
1684814310.8903515,49.62137999999999,0.004
1684814310.909928,49.62137999999999,0.004
1684814310.9304817,49.62137999999999,0.004
1684814310.9506216,49.62137999999999,0.004
1684814310.9702892,49.62137999999999,0.004
1684814310.989975,49.62137999999999,0.004
1684814311.0098908,49.62137999999999,0.004
1684814311.0299754,49.62137999999999,0.004
1684814311.0507643,49.62137999999999,0.004
1684814311.0700529,49.62137999999999,0.004
1684814311.0899951,49.62137999999999,0.004
1684814311.110444,49.62137999999999,0.004
1684814311.1296782,49.62137999999999,0.004
1684814311.1504385,49.62137999999999,0.004
1684814311.1702592,49.62137999999999,0.004
1684814311.1899264,49.62137999999999,0.004
1684814311.2103682,49.62137999999999,0.004
1684814311.2296772,49.62137999999999,0.004
1684814311.250221,49.62137999999999,0.004
1684814311.2700636,49.62137999999999,0.005
1684814311.289783,49.62137999999999,0.005
1684814311.310702,49.62137999999999,0.005
1684814311.33073,49.62137999999999,0.005
1684814311.349702,49.62137999999999,0.005
1684814311.3708317,49.62137999999999,0.005
1684814311.3902044,49.62137999999999,0.005
1684814311.4101493,49.62137999999999,0.005
1684814311.431476,49.62137999999999,0.005
1684814311.4503284,49.62137999999999,0.005
1684814311.469887,49.62137999999999,0.005
1684814311.4903555,49.62137999999999,0.005
1684814311.509882,49.62137999999999,0.005
1684814311.5302684,49.62137999999999,0.005
1684814311.5499136,49.62137999999999,0.005
1684814311.5694451,49.62137999999999,0.005
1684814311.589822,49.62137999999999,0.005
1684814311.6093671,49.62137999999999,0.005
1684814311.6299236,49.62137999999999,0.005
1684814311.6504743,49.62137999999999,0.005
1684814311.6702647,49.62137999999999,0.005
1684814311.690019,49.62137999999999,0.005
1684814311.7099638,49.62137999999999,0.005
1684814311.7294967,49.62137999999999,0.005
1684814311.7499433,49.62137999999999,0.005
1684814311.7701378,49.62137999999999,0.005
1684814311.7897642,49.62137999999999,0.005
1684814311.8102183,49.62137999999999,0.005
1684814311.8298442,49.62137999999999,0.005
1684814311.8503768,49.62137999999999,0.005
1684814311.8703747,49.62137999999999,0.005
1684814311.890002,49.62137999999999,0.005
1684814311.9100134,49.62137999999999,0.005
1684814311.9303606,49.62137999999999,0.005
1684814311.950102,49.62137999999999,0.005
1684814311.9697022,49.62137999999999,0.005
1684814311.9897764,49.62137999999999,0.005
1684814312.010136,49.62137999999999,0.005
1684814312.0300558,49.62137999999999,0.005
1684814312.0499697,49.62137999999999,0.005
1684814312.0699146,49.62137999999999,0.005
1684814312.0896468,49.62137999999999,0.005
1684814312.1094587,49.62137999999999,0.005
1684814312.1303546,49.62137999999999,0.005
1684814312.150355,49.62137999999999,0.005
1684814312.169753,49.62137999999999,0.005
1684814312.1896515,49.62137999999999,0.005
1684814312.2105744,49.62137999999999,0.005
1684814312.2300029,49.62137999999999,0.005
1684814312.2494373,49.62137999999999,0.002
1684814312.269629,49.62137999999999,0.002
1684814312.2898936,49.62137999999999,0.002
1684814312.3100412,49.62137999999999,0.002
1684814312.3294349,49.62137999999999,0.002
1684814312.3498664,49.62137999999999,0.002
1684814312.3699908,49.62137999999999,0.002
1684814312.3900528,49.62137999999999,0.002
1684814312.4099157,49.62137999999999,0.002
1684814312.4299102,49.62137999999999,0.002
1684814312.449749,49.62137999999999,0.002
1684814312.4703338,49.62137999999999,0.002
1684814312.4897323,49.62137999999999,0.002
1684814312.510035,49.62137999999999,0.002
1684814312.530481,49.62137999999999,0.002
1684814312.5500138,49.62137999999999,0.002
1684814312.5702274,49.62137999999999,0.002
1684814312.5902777,49.62137999999999,0.002
1684814312.6098437,49.62137999999999,0.002
1684814312.630339,49.62137999999999,0.002
1684814312.6499743,49.62137999999999,0.002
1684814312.670138,49.62137999999999,0.002
1684814312.690352,49.62137999999999,0.002
1684814312.7097945,49.62137999999999,0.002
1684814312.7309458,49.62137999999999,0.002
1684814312.7498896,49.62137999999999,0.002
1684814312.7699134,49.62137999999999,0.002
1684814312.7900298,49.62137999999999,0.002
1684814312.8100815,49.62137999999999,0.002
1684814312.8300312,49.62137999999999,0.002
1684814312.8503926,49.62137999999999,0.002
1684814312.8698142,49.62137999999999,0.002
1684814312.889936,49.62137999999999,0.002
1684814312.9102244,49.62137999999999,0.002
1684814312.9300435,49.62137999999999,0.002
1684814312.9500842,49.62137999999999,0.002
1684814312.9705117,49.62137999999999,0.002
1684814312.9901762,49.62137999999999,0.002
1684814313.009975,49.62137999999999,0.002
1684814313.0298564,49.62137999999999,0.002
1684814313.04989,49.62137999999999,0.002
1684814313.0703306,49.62137999999999,0.002
1684814313.089871,49.62137999999999,0.002
1684814313.1103504,49.62137999999999,0.002
1684814313.1305788,49.62137999999999,0.002
1684814313.1499693,49.62137999999999,0.002
1684814313.1699884,49.62137999999999,0.002
1684814313.1904323,49.62137999999999,0.002
1684814313.210335,49.62137999999999,0.002
1684814313.2299163,49.62137999999999,0.002
1684814313.2497182,49.62137999999999,0.002
1684814313.2698958,49.62137999999999,0.002
1684814313.2904096,49.62137999999999,0.002
1684814313.3100855,49.62137999999999,0.002
1684814313.3305287,49.62137999999999,0.002
1684814313.3506682,49.62137999999999,0.002
1684814313.3701062,49.62137999999999,0.002
1684814313.3904774,49.62137999999999,0.002
1684814313.4103093,49.62137999999999,0.002
1684814313.4299216,49.62137999999999,0.002
1684814313.4502406,49.62137999999999,0.002
1684814313.4704626,49.62137999999999,0.002
1684814313.489947,49.62137999999999,0.002
1684814313.510511,49.62137999999999,0.002
1684814313.5297494,49.62137999999999,0.002
1684814313.5503418,49.62137999999999,0.002
1684814313.5704596,49.62137999999999,0.002
1684814313.5899417,49.62137999999999,0.002
1684814313.6104865,49.62137999999999,0.002
1684814313.6301043,49.62137999999999,0.002
1684814313.650089,49.62137999999999,0.002
1684814313.6704962,49.62137999999999,0.002
1684814313.6897433,49.62137999999999,0.002
1684814313.710486,49.62137999999999,0.002
1684814313.7304332,49.62137999999999,0.002
1684814313.7499967,49.62137999999999,0.002
1684814313.7705667,49.62137999999999,0.002
1684814313.790626,49.62137999999999,0.002
1684814313.8104389,49.62137999999999,0.002
1684814313.829738,49.62137999999999,0.002
1684814313.8503907,49.62137999999999,0.002
1684814313.8700154,49.62137999999999,0.002
1684814313.8900316,49.62137999999999,0.002
1684814313.9104574,49.62137999999999,0.002
1684814313.9302137,49.62137999999999,0.002
1684814313.9505167,49.62137999999999,0.002
1684814313.9705586,49.62137999999999,0.002
1684814313.9904938,49.62137999999999,0.002
1684814314.0105925,49.62137999999999,0.002
1684814314.0305192,49.62137999999999,0.002
1684814314.049443,49.62137999999999,0.002
1684814314.0693283,49.62137999999999,0.002
1684814314.089594,49.62137999999999,0.002
1684814314.10999,49.62137999999999,0.002
1684814314.1301293,49.62137999999999,0.002
1684814314.15014,49.62137999999999,0.002
1684814314.1697245,49.62137999999999,0.002
1684814314.1900315,49.62137999999999,0.002
1684814314.2104652,49.62137999999999,0.002
1684814314.2299337,49.62137999999999,0.002
1684814314.2499523,49.62137999999999,0.002
1684814314.2700315,49.62137999999999,0.002
1684814314.2901168,49.62137999999999,0.002
1684814314.310114,49.62137999999999,0.002
1684814314.329998,49.62137999999999,0.002
