time,imu_heading,gspeed
1684817752.6038868,125.51193718624893,0.0
1684817752.6233492,125.51782452901205,0.0
1684817752.6429925,125.51782452901205,0.0
1684817752.6629748,125.5178032149909,0.0
1684817752.6836164,125.5178032149909,0.0
1684817752.703613,125.5178032149909,0.0
1684817752.7250612,125.51777128854636,0.0
1684817752.7439437,125.51779326854744,0.0
1684817752.7642047,125.51779326854744,0.0
1684817752.7831306,125.51779326854744,0.0
1684817752.8035383,125.51784584305537,0.0
1684817752.8237855,125.51787830407139,0.0
1684817752.843183,125.51787830407139,0.0
1684817752.8637652,125.51787830407139,0.0
1684817752.8829083,125.51787830407139,0.0
1684817752.9030063,125.51787830407139,0.0
1684817752.923275,125.51787830407139,0.0
1684817752.9441805,125.51782452901205,0.0
1684817752.9638224,125.51782452901205,0.0
1684817752.984167,125.51782452901205,0.0
1684817753.003142,125.51782452901205,0.0
1684817753.0234985,125.51779326854744,0.0
1684817753.044104,125.51779326854744,0.0
1684817753.0631433,125.51782452901205,0.0
1684817753.0839205,125.51782452901205,0.0
1684817753.1035824,125.51784584305537,0.0
1684817753.1229935,125.51787830407139,0.004
1684817753.143183,125.51787830407139,0.004
1684817753.163034,125.51787830407139,0.004
1684817753.1831608,125.5119578283281,0.004
1684817753.204148,125.5119578283281,0.004
1684817753.2237055,125.51192538955567,0.004
1684817753.243652,125.51189481718336,0.004
1684817753.2642045,125.5118728435225,0.004
1684817753.2831624,125.5118728435225,0.004
1684817753.3038402,125.51190408168338,0.004
1684817753.3240926,125.51190408168338,0.004
1684817753.3436742,125.51190408168338,0.004
1684817753.363315,125.51190408168338,0.004
1684817753.3829384,125.51190408168338,0.004
1684817753.4029696,125.5119578283281,0.004
1684817753.4232597,125.51787830407139,0.004
1684817753.4439526,125.51787830407139,0.004
1684817753.4639294,125.51787830407139,0.004
1684817753.4841042,125.51784584305537,0.004
1684817753.5030832,125.51784584305537,0.004
1684817753.5239315,125.51784584305537,0.004
1684817753.5442922,125.51784584305537,0.004
1684817753.563763,125.51784584305537,0.004
1684817753.5830927,125.51784584305537,0.004
1684817753.603916,125.51785765601399,0.004
1684817753.6229749,125.51785765601399,0.004
1684817753.642927,125.51789264956773,0.004
1684817753.6629913,125.51791263163462,0.004
1684817753.6830814,125.51791263163462,0.004
1684817753.7042809,125.51791263163462,0.004
1684817753.7231708,125.51787830407139,0.004
1684817753.743691,125.51787830407139,0.004
1684817753.7639272,125.51787830407139,0.004
1684817753.7830453,125.51787830407139,0.004
1684817753.8038256,125.51787830407139,0.004
1684817753.8236804,125.51787830407139,0.004
1684817753.843176,125.51791263163462,0.004
1684817753.8631675,125.51791263163462,0.004
1684817753.882913,125.51787830407139,0.004
1684817753.9030259,125.51787830407139,0.004
1684817753.9231658,125.51787830407139,0.004
1684817753.9434693,125.51787830407139,0.004
1684817753.9633687,125.51787830407139,0.004
1684817753.9840446,125.51787830407139,0.004
1684817754.0030937,125.51789895214964,0.004
1684817754.023605,125.51789895214964,0.004
1684817754.0439024,125.51789895214964,0.004
1684817754.0631986,125.51789895214964,0.004
1684817754.0840905,125.51789895214964,0.004
1684817754.1037989,125.51793261372102,0.004
1684817754.122933,125.51199213351495,0.002
1684817754.143254,125.51197215723352,0.002
1684817754.1630595,125.51197215723352,0.002
1684817754.1836727,125.51193718624893,0.002
1684817754.2042038,125.51787830407139,0.002
1684817754.223792,125.5119578283281,0.002
1684817754.2438273,125.5119578283281,0.002
1684817754.2639816,125.5119578283281,0.002
1684817754.2833786,125.51197847042809,0.002
1684817754.3039215,125.51197847042809,0.002
1684817754.323669,125.51197847042809,0.002
1684817754.3431327,125.51197847042809,0.002
1684817754.3631365,125.51197847042809,0.002
1684817754.3828607,125.51201210981593,0.002
1684817754.4030397,125.51201210981593,0.002
1684817754.423568,125.5119578283281,0.002
1684817754.4438818,125.5119578283281,0.002
1684817754.4643455,125.5119578283281,0.002
1684817754.4841106,125.51192538955567,0.002
1684817754.5030572,125.51192538955567,0.002
1684817754.5239618,125.51192538955567,0.002
1684817754.5440772,125.5119578283281,0.002
1684817754.5638282,125.5119578283281,0.002
1684817754.5840192,125.5119578283281,0.002
1684817754.603795,125.51199213351495,0.002
1684817754.6235974,125.51199213351495,0.002
1684817754.6432965,125.5119578283281,0.002
1684817754.662982,125.5119578283281,0.002
1684817754.68314,125.51197847042809,0.002
1684817754.70414,125.51197847042809,0.002
1684817754.7237632,125.51197847042809,0.002
1684817754.743926,125.51197847042809,0.002
1684817754.763843,125.51194669745016,0.002
1684817754.783724,125.51197847042809,0.002
1684817754.8039436,125.51197847042809,0.002
1684817754.823676,125.51201210981593,0.002
1684817754.8435566,125.51201210981593,0.002
1684817754.8633444,125.51199213351495,0.002
1684817754.8828654,125.51201210981593,0.002
1684817754.903003,125.51201210981593,0.002
1684817754.9232042,125.51201210981593,0.002
1684817754.9440901,125.51197847042809,0.002
1684817754.9641802,125.51197847042809,0.002
1684817754.9842625,125.51197847042809,0.002
1684817755.0031052,125.51197847042809,0.002
1684817755.0234907,125.51199911254893,0.002
1684817755.0437982,125.51199911254893,0.002
1684817755.0633235,125.51199911254893,0.002
1684817755.0835998,125.51201210981593,0.002
1684817755.1036582,125.51201210981593,0.002
1684817755.1230075,125.51201210981593,0.002
1684817755.1431518,125.51201210981593,0.002
1684817755.163071,125.51201210981593,0.002
1684817755.1830678,125.51203208613641,0.002
1684817755.204234,125.51203208613641,0.002
1684817755.2231808,125.51197847042809,0.002
1684817755.2443576,125.51197847042809,0.002
1684817755.2634676,125.51197847042809,0.002
1684817755.2831206,125.51199911254893,0.002
1684817755.304067,125.51203208613641,0.002
1684817755.3236833,125.51201210981593,0.002
1684817755.3435318,125.51201210981593,0.002
1684817755.363559,125.51201210981593,0.002
1684817755.3829627,125.51201210981593,0.002
1684817755.4030352,125.5120476156277,0.002
1684817755.4230654,125.51201210981593,0.002
1684817755.4438136,125.51201210981593,0.002
1684817755.4640763,125.51197847042809,0.002
1684817755.484077,125.51197847042809,0.002
1684817755.5031252,125.51197847042809,0.002
1684817755.523968,125.51199911254893,0.002
1684817755.5438256,125.51197847042809,0.002
1684817755.5636501,125.51197847042809,0.002
1684817755.5840924,125.51197847042809,0.002
1684817755.6031797,125.51197847042809,0.002
1684817755.6230464,125.51197847042809,0.002
1684817755.6426728,125.51194669745016,0.002
1684817755.6630473,125.51197847042809,0.002
1684817755.6840258,125.51196800536687,0.002
1684817755.7042549,125.51194669745016,0.002
1684817755.7235982,125.51196800536687,0.002
1684817755.7438784,125.51196800536687,0.002
1684817755.764134,125.51196800536687,0.002
1684817755.7835138,125.51196800536687,0.002
1684817755.8040714,125.51196800536687,0.002
1684817755.8235266,125.51194669745016,0.002
1684817755.844256,125.51197847042809,0.002
1684817755.8631408,125.51197847042809,0.002
1684817755.8829448,125.51201210981593,0.002
1684817755.903045,125.51201210981593,0.002
1684817755.9238648,125.5119578283281,0.002
1684817755.943599,125.51194669745016,0.002
1684817755.9637403,125.51194669745016,0.002
1684817755.9839818,125.51193876457599,0.002
1684817756.0030735,125.51193876457599,0.002
1684817756.0240371,125.51191679086787,0.002
1684817756.0431523,125.51191679086787,0.002
1684817756.062927,125.51194669745016,0.002
1684817756.083622,125.51194669745016,0.002
1684817756.1031716,125.51197847042809,0.002
1684817756.122735,125.51197847042809,0.004
1684817756.142797,125.51194669745016,0.004
1684817756.1630344,125.51194669745016,0.004
1684817756.1830585,125.51194669745016,0.004
1684817756.203778,125.51194669745016,0.004
1684817756.2235155,125.51196800536687,0.004
1684817756.2441058,125.51196800536687,0.004
1684817756.263588,125.51196800536687,0.004
1684817756.2829983,125.51196800536687,0.004
1684817756.3040984,125.51193876457599,0.004
1684817756.3231635,125.51196800536687,0.004
1684817756.3432655,125.51196800536687,0.004
1684817756.3630757,125.51199911254893,0.004
1684817756.3828862,125.51197847042809,0.004
1684817756.4030395,125.51197847042809,0.004
1684817756.4232054,125.51197847042809,0.004
1684817756.4436028,125.51199911254893,0.004
1684817756.464094,125.51199911254893,0.004
1684817756.4833784,125.51199911254893,0.004
1684817756.5036345,125.51196800536687,0.004
1684817756.5239203,125.51194669745016,0.004
1684817756.5437112,125.51194669745016,0.004
1684817756.5634832,125.51199911254893,0.004
1684817756.5840561,125.51201975469061,0.004
1684817756.603547,125.51196800536687,0.004
1684817756.6230874,125.51194669745016,0.004
1684817756.642783,125.51194669745016,0.004
1684817756.6630223,125.51194669745016,0.004
1684817756.6836421,125.51197847042809,0.004
1684817756.704279,125.51194669745016,0.004
1684817756.7237635,125.51192538955567,0.004
1684817756.74393,125.51192538955567,0.004
1684817756.7638054,125.51191679086787,0.004
1684817756.7830837,125.51191679086787,0.004
1684817756.8028002,125.51191679086787,0.004
1684817756.822781,125.51191679086787,0.004
1684817756.8427532,125.51194669745016,0.004
1684817756.8628075,125.51194669745016,0.004
1684817756.8827102,125.51194669745016,0.004
1684817756.9026904,125.51194669745016,0.004
1684817756.922773,125.51194669745016,0.004
1684817756.9432237,125.51191679086787,0.004
1684817756.9629762,125.51191679086787,0.004
1684817756.9830594,125.51191679086787,0.004
1684817757.0030797,125.51191679086787,0.004
1684817757.0236235,125.51194669745016,0.004
1684817757.0435963,125.51194669745016,0.004
1684817757.0630655,125.51194669745016,0.004
1684817757.0840774,125.51194669745016,0.004
1684817757.1043055,125.51191679086787,0.004
1684817757.1229308,125.51194669745016,0.003
1684817757.1428978,125.51194669745016,0.003
1684817757.162981,125.51194669745016,0.003
1684817757.1832042,125.51194669745016,0.003
1684817757.2037039,125.51194669745016,0.003
1684817757.2235854,125.51194669745016,0.003
1684817757.2438352,125.51194669745016,0.003
1684817757.2633,125.51191679086787,0.003
1684817757.2835858,125.51191679086787,0.003
1684817757.3041737,125.51191679086787,0.003
1684817757.3237,125.51194669745016,0.003
1684817757.3435643,125.51194669745016,0.003
1684817757.3631353,125.51194669745016,0.003
1684817757.3829637,125.51194669745016,0.003
1684817757.4030335,125.51194669745016,0.003
1684817757.423536,125.51194669745016,0.003
1684817757.4438508,125.51194669745016,0.003
1684817757.464108,125.51194669745016,0.003
1684817757.4838614,125.51194669745016,0.003
1684817757.5030518,125.51194669745016,0.003
1684817757.5231783,125.51194669745016,0.003
1684817757.544091,125.51194669745016,0.003
1684817757.56367,125.51194669745016,0.003
1684817757.5835629,125.51194669745016,0.003
1684817757.6038194,125.51194669745016,0.003
1684817757.6228542,125.51194669745016,0.003
1684817757.6431065,125.51194669745016,0.003
1684817757.6630487,125.51197847042809,0.003
1684817757.6830719,125.51197847042809,0.003
1684817757.7042053,125.51197847042809,0.003
1684817757.7234278,125.51197847042809,0.003
1684817757.743891,125.51194669745016,0.003
1684817757.7642653,125.51194669745016,0.003
1684817757.7837038,125.51191679086787,0.003
1684817757.804047,125.51191679086787,0.003
1684817757.8237126,125.51194669745016,0.003
1684817757.843307,125.51194669745016,0.003
1684817757.8630548,125.51194669745016,0.003
1684817757.8829231,125.51194669745016,0.003
1684817757.9030504,125.51194669745016,0.003
1684817757.9232597,125.51194669745016,0.003
1684817757.9431653,125.51194669745016,0.003
1684817757.96359,125.51194669745016,0.003
1684817757.9841447,125.51194669745016,0.003
1684817758.0038404,125.51197847042809,0.003
1684817758.024159,125.51197847042809,0.003
1684817758.0431516,125.51197847042809,0.003
1684817758.063571,125.51197847042809,0.003
1684817758.0837398,125.51197847042809,0.003
1684817758.1030517,125.51197847042809,0.003
1684817758.123336,125.51192538955567,0.002
1684817758.1441207,125.51189481718336,0.002
1684817758.1635854,125.51190408168338,0.002
1684817758.1842387,125.5118728435225,0.002
1684817758.2033048,125.51185086988524,0.002
1684817758.2236538,125.51185086988524,0.002
1684817758.2441041,125.49826048039039,0.002
1684817758.2631443,125.4982065059148,0.002
1684817758.2838993,125.49815306721355,0.002
1684817758.3042107,125.49813859144378,0.002
1684817758.3231394,125.49805222512046,0.002
1684817758.3430398,125.49789476203675,0.002
1684817758.3630016,125.49778738127941,0.002
1684817758.3836513,125.49770719677674,0.002
1684817758.4038317,125.49765260117289,0.002
1684817758.4235487,125.49757029001813,0.002
1684817758.4436257,125.49740328160851,0.002
1684817758.4641674,125.49726371765641,0.002
1684817758.4831548,125.49712363494471,0.002
1684817758.5039582,125.49697184327822,0.002
1684817758.5237834,125.49682765505187,0.002
1684817758.543581,125.49670343841129,0.002
1684817758.5635858,125.49657709587512,0.002
1684817758.5829117,125.49639126333528,0.002
1684817758.6028793,125.49622259402742,0.002
1684817758.622771,125.48247831220088,0.002
1684817758.6431859,125.48230199933865,0.002
1684817758.6635077,125.48212223183086,0.002
1684817758.684107,125.4819174127758,0.002
1684817758.703153,125.4816668191943,0.002
1684817758.7236035,125.48139147915093,0.002
1684817758.7441692,125.4811595821345,0.002
1684817758.7631047,125.48089363463788,0.002
1684817758.7840204,125.48067110642359,0.002
1684817758.803972,125.46683928714276,0.002
1684817758.8230577,125.46654560452559,0.002
1684817758.8428795,125.46631213760465,0.002
1684817758.8637626,125.4600519263804,0.002
1684817758.8837292,125.4461849681667,0.002
1684817758.9036198,125.44575624135985,0.002
1684817758.9231563,125.42583557180689,0.002
1684817758.9433413,125.41941533749129,0.002
1684817758.9641666,125.4052541701955,0.002
1684817758.983093,125.38531458834026,0.002
1684817759.0040174,125.38476697418429,0.002
1684817759.023976,125.36473116529004,0.002
1684817759.0434356,125.3640683810685,0.002
1684817759.0639143,125.34374117009449,0.002
1684817759.0831683,125.32339146538946,0.002
1684817759.1036305,125.3029381620167,0.002
1684817759.123111,125.28270825191152,0.23600000000000002
1684817759.1434677,125.26834274352878,0.23600000000000002
1684817759.163932,125.26756603737428,0.23600000000000002
1684817759.1841493,125.26704903295062,0.23600000000000002
1684817759.2030091,125.25299106037559,0.23600000000000002
1684817759.2237105,125.2524427677181,0.23600000000000002
1684817759.243826,125.2463588982004,0.23600000000000002
1684817759.2627988,125.23220633062127,0.23600000000000002
1684817759.2828434,125.20653564527233,0.23600000000000002
1684817759.3029232,125.20047376260356,0.23600000000000002
1684817759.3231366,125.18649036648246,0.23600000000000002
1684817759.344075,125.18600275798238,0.23600000000000002
1684817759.3636482,125.17983495917184,0.23600000000000002
1684817759.3834925,125.15995145927437,0.23600000000000002
1684817759.4037614,125.1460337095006,0.23600000000000002
1684817759.4235258,125.13411494827923,0.23600000000000002
1684817759.443993,125.11431734190403,0.23600000000000002
1684817759.4634569,125.0940203697765,0.23600000000000002
1684817759.48311,125.07391521120185,0.23600000000000002
1684817759.5034552,125.05369679177804,0.23600000000000002
1684817759.5239465,125.03368743424348,0.23600000000000002
1684817759.543654,125.01397205257385,0.23600000000000002
1684817759.5636432,125.00764867397551,0.23600000000000002
1684817759.582969,124.96257178055104,0.23600000000000002
1684817759.603761,124.93691677388132,0.23600000000000002
1684817759.6241958,124.91140355394947,0.23600000000000002
1684817759.6430774,124.87213554796264,0.23600000000000002
1684817759.6635816,124.84100240982632,0.23600000000000002
1684817759.6834846,124.80212944260029,0.23600000000000002
1684817759.702997,124.77720746407677,0.23600000000000002
1684817759.7230124,124.75183385046752,0.23600000000000002
1684817759.742775,124.72602883357119,0.23600000000000002
1684817759.7630405,124.7201804566056,0.23600000000000002
1684817759.783825,124.69503061020517,0.23600000000000002
1684817759.8037646,124.67004209984339,0.23600000000000002
1684817759.8234754,124.64423927145658,0.23600000000000002
1684817759.8440824,124.59981606742743,0.23600000000000002
1684817759.863113,124.56853024426701,0.23600000000000002
1684817759.8833718,124.52405550710705,0.23600000000000002
1684817759.9041047,124.47863913907432,0.23600000000000002
1684817759.9235294,124.43924134004413,0.23600000000000002
1684817759.9435964,124.41297858809277,0.23600000000000002
1684817759.9630978,124.37373420982351,0.23600000000000002
1684817759.982934,124.34786037038914,0.23600000000000002
1684817760.0028965,124.30313935702102,0.23600000000000002
1684817760.0229135,124.27807089600667,0.23600000000000002
1684817760.0430014,124.24790558910126,0.23600000000000002
1684817760.0640867,124.22332223923449,0.23600000000000002
1684817760.0831501,124.17342613481928,0.23600000000000002
1684817760.1038115,124.1433405884714,0.23600000000000002
1684817760.1240587,124.09956497843203,1.18
1684817760.1431227,124.06872964111541,1.18
1684817760.163892,124.01862427298741,1.18
1684817760.183867,123.97375160362327,1.18
1684817760.20294,123.92252916611653,1.18
1684817760.2230897,123.87773826750953,1.18
1684817760.2427735,123.82647264603122,1.18
1684817760.2630258,123.78190548860725,1.18
1684817760.2840397,123.73198684258034,1.18
1684817760.3035998,123.6866078437571,1.18
1684817760.3231156,123.63658332802609,1.18
1684817760.3436885,123.60610277114623,1.18
1684817760.363691,123.55670046075966,1.18
1684817760.3841982,123.52691334657327,1.18
1684817760.404044,123.4969038991179,1.18
1684817760.4230487,123.45302122922821,1.18
1684817760.4440823,123.4293239019642,1.18
1684817760.4637911,123.43081784362644,1.18
1684817760.4829085,123.45847072439922,1.18
1684817760.5033343,123.51702997615016,1.18
1684817760.52306,123.6144136332999,1.18
1684817760.543566,123.69605239062842,1.18
1684817760.5640526,123.79079847093601,1.18
1684817760.5831265,123.88267468604444,1.18
1684817760.603422,123.95675144721174,1.18
1684817760.6236162,124.00746028723253,1.18
1684817760.6434927,124.05372571176738,1.18
1684817760.6629472,124.09949805917897,1.18
1684817760.6839476,124.15084406427661,1.18
1684817760.7035835,124.1966029608912,1.18
1684817760.7231765,124.25283654937122,1.18
1684817760.7428162,124.30862740004699,1.18
1684817760.7629323,124.38409396154213,1.18
1684817760.7835436,124.45940329538719,1.18
1684817760.8031354,124.52799677866012,1.18
1684817760.824029,124.61794168711727,1.18
1684817760.8442743,124.6736102365888,1.18
1684817760.863134,124.75108762555737,1.18
1684817760.8840175,124.82145648000903,1.18
1684817760.9036827,124.89146709480355,1.18
1684817760.9245393,124.94935801156068,1.18
1684817760.944079,125.01926850635287,1.18
1684817760.9631903,125.09691949194506,1.18
1684817760.983007,125.17257826393423,1.18
1684817761.0030115,125.24326117774766,1.18
1684817761.0231044,125.31999710346422,1.18
1684817761.0441747,125.39617201135101,1.18
1684817761.0641441,125.47217083648925,1.18
1684817761.0838857,125.54814668642021,1.18
1684817761.1034226,125.61923588019164,1.18
1684817761.1239202,125.70911901890152,1.883
1684817761.1434114,125.78525154429441,1.883
1684817761.1642272,125.86130662567588,1.883
1684817761.1836073,125.92456134194627,1.883
1684817761.203144,126.01473451776607,1.883
1684817761.222838,126.09241890515409,1.883
1684817761.2429261,126.16906390022623,1.883
1684817761.2627966,126.24195203860958,1.883
1684817761.2839506,126.3125608196685,1.883
1684817761.3031583,126.39095674692473,1.883
1684817761.3236089,126.45557648720926,1.883
1684817761.34395,126.52637853810191,1.883
1684817761.363055,126.6242043020792,1.883
1684817761.3837433,126.69388937276642,1.883
1684817761.4035535,126.77209315554524,1.883
1684817761.4231753,126.85640548605403,1.883
1684817761.4437807,126.94932361012894,1.883
1684817761.4631526,127.04098869221322,1.883
1684817761.4829798,127.15928444271766,1.883
1684817761.5030262,127.26963575595124,1.883
1684817761.5231395,127.3962688590242,1.883
1684817761.5441124,127.5004731081886,1.883
1684817761.564334,127.62334959982554,1.883
1684817761.5834222,127.73365831525824,1.883
1684817761.6039681,127.85649065768138,1.883
1684817761.623083,127.9649523567094,1.883
1684817761.6436996,128.07008328855227,1.883
1684817761.6640167,128.19850370666362,1.883
1684817761.683524,128.33045111270695,1.883
1684817761.7035801,128.45249747325624,1.883
1684817761.7228963,128.57077368196337,1.883
1684817761.7428591,128.70132806532948,1.883
1684817761.7630172,128.8310026523918,1.883
1684817761.7839391,128.94364596515524,1.883
1684817761.8037312,129.0763863055143,1.883
1684817761.824031,129.2122063943729,1.883
1684817761.843059,129.34468252839582,1.883
1684817761.8636296,129.4605026228765,1.883
1684817761.8837972,129.5926652313808,1.883
1684817761.903537,129.7042338148529,1.883
1684817761.923666,129.81559294695904,1.883
1684817761.9441738,129.92162677831365,1.883
1684817761.9629657,130.04459796314362,1.883
1684817761.9828382,130.1582007238424,1.883
1684817762.002918,130.27037891067465,1.883
1684817762.0230224,130.38463156530952,1.883
1684817762.0437024,130.506796032695,1.883
1684817762.0638704,130.61907481513467,1.883
1684817762.0835686,130.73168462762953,1.883
1684817762.1041744,130.83623661211686,1.883
1684817762.1235604,130.93636979877758,2.376
1684817762.1430538,131.0404606370693,2.376
1684817762.1637657,131.1481857105974,2.376
1684817762.1837044,131.25371040914493,2.376
1684817762.2039855,131.3476908770908,2.376
1684817762.2230458,131.44677118330497,2.376
1684817762.2428815,131.55232812649052,2.376
1684817762.2630346,131.64642058450946,2.376
1684817762.2840533,131.75295641888417,2.376
1684817762.3035638,131.85292607161662,2.376
1684817762.324176,131.94724951667754,2.376
1684817762.3436656,132.0538553254753,2.376
1684817762.3629673,132.14834437780797,2.376
1684817762.3844106,132.24731132718765,2.376
1684817762.4035554,132.33585843479995,2.376
1684817762.423513,132.4242460260292,2.376
1684817762.4430318,132.51695162622545,2.376
1684817762.4629643,132.61065941211564,2.376
1684817762.4829385,132.7184100117391,2.376
1684817762.5029786,132.8324489636483,2.376
1684817762.5230813,132.94614310996033,2.376
1684817762.5434222,133.06633075496336,2.376
1684817762.5632756,133.17968944341675,2.376
1684817762.583533,133.2956192919211,2.376
1684817762.6031828,133.40941072003855,2.376
1684817762.6231322,133.51311918716803,2.376
1684817762.6428795,133.63639011721713,2.376
1684817762.6640582,133.75299924495224,2.376
1684817762.6830308,133.86946519382775,2.376
1684817762.7039618,133.9788961962576,2.376
1684817762.7228885,134.08349056456396,2.376
1684817762.742794,134.1997809484117,2.376
1684817762.7630482,134.31498819525524,2.376
1684817762.7837517,134.43640965797078,2.376
1684817762.8036673,134.55033704534657,2.376
1684817762.8239768,134.6643486371986,2.376
1684817762.843523,134.78720638573444,2.376
1684817762.8636024,134.91262457721714,2.376
1684817762.8840518,135.03639366327687,2.376
1684817762.9035432,135.15710216988023,2.376
1684817762.9248195,135.28630652734913,2.376
1684817762.9443233,135.42038815400718,2.376
1684817762.963389,135.54398274967775,2.376
1684817762.9830651,135.66740059016493,2.376
1684817763.002991,135.7911969444768,2.376
1684817763.0230548,135.9133901982195,2.376
1684817763.0439317,136.03201034630337,2.376
1684817763.0636258,136.155441091074,2.376
1684817763.0828688,136.2602347500208,2.376
1684817763.1036854,136.37249217682398,2.376
1684817763.1234758,136.471462367501,2.7680000000000002
1684817763.1443374,136.57572561198668,2.7680000000000002
1684817763.1640189,136.67021826723658,2.7680000000000002
1684817763.1831443,136.77757751172172,2.7680000000000002
1684817763.2041361,136.87392469299203,2.7680000000000002
1684817763.2230105,136.96989397585983,2.7680000000000002
1684817763.24294,137.06070848660772,2.7680000000000002
1684817763.2628903,137.18920194724814,2.7680000000000002
1684817763.2837057,137.37562756858028,2.7680000000000002
1684817763.3039365,137.56011924339566,2.7680000000000002
1684817763.324034,137.7404328260603,2.7680000000000002
1684817763.343288,137.90238468801354,2.7680000000000002
1684817763.3641355,138.06952257769683,2.7680000000000002
1684817763.3837411,138.22917753210612,2.7680000000000002
1684817763.403141,138.38686692412247,2.7680000000000002
1684817763.423954,138.55564104525607,2.7680000000000002
1684817763.4434514,138.71168674808047,2.7680000000000002
1684817763.4636233,138.87999755333047,2.7680000000000002
1684817763.483094,139.04357523209887,2.7680000000000002
1684817763.5028217,139.20167838362482,2.7680000000000002
1684817763.5230849,139.35699647234725,2.7680000000000002
1684817763.5437362,139.50956542453153,2.7680000000000002
1684817763.5635982,139.64678340865268,2.7680000000000002
1684817763.5841584,139.77826916579937,2.7680000000000002
1684817763.6045532,139.90508049215674,2.7680000000000002
1684817763.623657,140.03465253460533,2.7680000000000002
1684817763.6436586,140.16048925804347,2.7680000000000002
1684817763.6641815,140.27460370982357,2.7680000000000002
1684817763.682871,140.3842599539208,2.7680000000000002
1684817763.703558,140.49227527842498,2.7680000000000002
1684817763.7228823,140.61154891224942,2.7680000000000002
1684817763.7429557,140.7195855371298,2.7680000000000002
1684817763.7632134,140.8269843048083,2.7680000000000002
1684817763.7838047,140.93619068040113,2.7680000000000002
1684817763.8035681,141.03879832548841,2.7680000000000002
1684817763.8247552,141.13721762793006,2.7680000000000002
1684817763.8431644,141.2141498912154,2.7680000000000002
1684817763.863428,141.2861474762745,2.7680000000000002
1684817763.8842154,141.35984864068976,2.7680000000000002
1684817763.90314,141.42433001639472,2.7680000000000002
1684817763.9247737,141.4884257484832,2.7680000000000002
1684817763.9437487,141.53956318119873,2.7680000000000002
1684817763.962941,141.60225574086041,2.7680000000000002
1684817763.9830816,141.64392954865886,2.7680000000000002
1684817764.003075,141.71427209872846,2.7680000000000002
1684817764.0229814,141.7747587657994,2.7680000000000002
1684817764.0450356,141.83759312484662,2.7680000000000002
1684817764.0631928,141.9081417544468,2.7680000000000002
1684817764.0829268,141.97955327821518,2.7680000000000002
1684817764.1041546,142.04360393184655,2.7680000000000002
1684817764.1230836,142.1173560739457,3.0220000000000002
1684817764.1438506,142.17224906750545,3.0220000000000002
1684817764.1633632,142.23752372561486,3.0220000000000002
1684817764.1835706,142.27325983143342,3.0220000000000002
1684817764.2036917,142.31797400442105,3.0220000000000002
1684817764.2229106,142.3395176695602,3.0220000000000002
1684817764.2430298,142.34868018805187,3.0220000000000002
1684817764.2631054,142.36698188798988,3.0220000000000002
1684817764.2836456,142.3749700269275,3.0220000000000002
1684817764.304188,142.3836007066363,3.0220000000000002
1684817764.3235908,142.3937126717063,3.0220000000000002
1684817764.3431695,142.41905070803094,3.0220000000000002
1684817764.363775,142.44646708551048,3.0220000000000002
1684817764.3838875,142.4796130460276,3.0220000000000002
1684817764.4034472,142.49871859795383,3.0220000000000002
1684817764.4240422,142.52535801129648,3.0220000000000002
1684817764.4438336,142.56199273336557,3.0220000000000002
1684817764.4632444,142.5700402865882,3.0220000000000002
1684817764.4831028,142.5891771883507,3.0220000000000002
1684817764.5030382,142.60453414257782,3.0220000000000002
1684817764.5231404,142.63316675303932,3.0220000000000002
1684817764.5440726,142.6576919088494,3.0220000000000002
1684817764.5631454,142.66580307659,3.0220000000000002
1684817764.5838327,142.69069795132637,3.0220000000000002
1684817764.6041024,142.70795569613955,3.0220000000000002
1684817764.6235037,142.73548308810945,3.0220000000000002
1684817764.6435084,142.73835061458746,3.0220000000000002
1684817764.6637118,142.737809958135,3.0220000000000002
1684817764.6831524,142.73148922297128,3.0220000000000002
1684817764.7035387,142.73358483241705,3.0220000000000002
1684817764.723027,142.72498252113687,3.0220000000000002
1684817764.7429612,142.7162909900447,3.0220000000000002
1684817764.7631416,142.69703910317324,3.0220000000000002
1684817764.7840543,142.67914329687588,3.0220000000000002
1684817764.8040116,142.66195770229993,3.0220000000000002
1684817764.8240905,142.63372881153848,3.0220000000000002
1684817764.843139,142.61623547064576,3.0220000000000002
1684817764.8640287,142.5975024630254,3.0220000000000002
1684817764.8837223,142.57842633238283,3.0220000000000002
1684817764.9031298,142.56945562061992,3.0220000000000002
1684817764.9236856,142.57983396515922,3.0220000000000002
1684817764.9431112,142.57129697551554,3.0220000000000002
1684817764.9633253,142.56301584760885,3.0220000000000002
1684817764.9828634,142.53560281915426,3.0220000000000002
1684817765.0030377,142.5182079653067,3.0220000000000002
1684817765.023577,142.49019883789876,3.0220000000000002
1684817765.044127,142.47058400515087,3.0220000000000002
1684817765.0635502,142.45256443967313,3.0220000000000002
1684817765.0839105,142.41347499848484,3.0220000000000002
1684817765.1036444,142.36805315919585,3.0220000000000002
1684817765.1235597,142.29374502041364,3.216
1684817765.1440575,142.22111431353946,3.216
1684817765.1633904,142.12993272837522,3.216
1684817765.1836126,142.0110652795736,3.216
1684817765.2038946,141.9371272100315,3.216
1684817765.222958,141.8278621541685,3.216
1684817765.2429872,141.76319322535426,3.216
1684817765.262943,141.6814644233834,3.216
1684817765.283762,141.61796427685596,3.216
1684817765.3040133,141.55387828831178,3.216
1684817765.3239472,141.50941266453376,3.216
1684817765.3436868,141.44595032164602,3.216
1684817765.3638508,141.40181290294845,3.216
1684817765.3835185,141.3471284843998,3.216
1684817765.4034169,141.31176659503106,3.216
1684817765.423612,141.30389469308176,3.216
1684817765.4430642,141.29573135557632,3.216
1684817765.463187,141.2965526883242,3.216
1684817765.4828434,141.3180002781747,3.216
1684817765.503033,141.32198749223346,3.216
1684817765.5230513,141.33761361000157,3.216
1684817765.544154,141.34480898752915,3.216
1684817765.5637145,141.34765570588394,3.216
1684817765.5835025,141.36804878649625,3.216
1684817765.6036363,141.3767958244717,3.216
1684817765.6236699,141.41232602175106,3.216
1684817765.6436093,141.43663840636404,3.216
1684817765.663147,141.46926712189105,3.216
1684817765.6836252,141.4849206084639,3.216
1684817765.7034895,141.49062576745018,3.216
1684817765.7230346,141.49811867989584,3.216
1684817765.7430418,141.50575337048943,3.216
1684817765.7629244,141.5127716961548,3.216
1684817765.783484,141.51217668149764,3.216
1684817765.8040435,141.5206434943399,3.216
1684817765.823876,141.5486757322211,3.216
1684817765.8435497,141.5854745386453,3.216
1684817765.864073,141.63276590271028,3.216
1684817765.8839383,141.67775377716623,3.216
1684817765.9042683,141.72280730920622,3.216
1684817765.9239173,141.74921072308356,3.216
1684817765.9430683,141.77541607161766,3.216
1684817765.962874,141.79411922388792,3.216
1684817765.982782,141.80466870082725,3.216
1684817766.0028887,141.81653417778415,3.216
1684817766.0228417,141.8167621904554,3.216
1684817766.0441346,141.80881180438124,3.216
1684817766.0641222,141.81917580392528,3.216
1684817766.0838444,141.82703903736285,3.216
1684817766.104169,141.8371506848263,3.216
1684817766.123559,141.8456039030861,0.10400000000000001
1684817766.1436594,141.87341840340397,0.10400000000000001
1684817766.1630647,141.87369428870218,0.10400000000000001
1684817766.1841736,141.8823786923965,0.10400000000000001
1684817766.2038012,141.8732583876228,0.10400000000000001
1684817766.223023,141.8732879632123,0.10400000000000001
1684817766.2429442,141.87389661455563,0.10400000000000001
1684817766.263135,141.86614807750576,0.10400000000000001
1684817766.2835772,141.8567934990448,0.10400000000000001
1684817766.3046193,141.85782102178507,0.10400000000000001
1684817766.323473,141.86708420670956,0.10400000000000001
1684817766.3433442,141.86773749590225,0.10400000000000001
1684817766.3637278,141.86834306024616,0.10400000000000001
1684817766.3831797,141.87717554261533,0.10400000000000001
1684817766.4033504,141.87768133822198,0.10400000000000001
1684817766.4241116,141.8785775589841,0.10400000000000001
1684817766.4430614,141.8879062203301,0.10400000000000001
1684817766.4635172,141.88863318018352,0.10400000000000001
1684817766.482916,141.89760141905373,0.10400000000000001
1684817766.503018,141.8976973341681,0.10400000000000001
1684817766.523495,141.90591264028168,0.10400000000000001
1684817766.5437024,141.91428009039757,0.10400000000000001
1684817766.5636659,141.92491172258462,0.10400000000000001
1684817766.5841653,141.93332452287348,0.10400000000000001
1684817766.6030662,141.94173809474586,0.10400000000000001
1684817766.6239514,141.94135586488207,0.10400000000000001
1684817766.6437662,141.95959759720824,0.10400000000000001
1684817766.6636422,141.9591048253246,0.10400000000000001
1684817766.683969,141.9590609816435,0.10400000000000001
1684817766.7035136,141.97768913520395,0.10400000000000001
1684817766.722876,141.97693285685,0.10400000000000001
1684817766.7428894,141.97642867181708,0.10400000000000001
1684817766.762973,141.97557149444168,0.10400000000000001
1684817766.7836003,141.9747946472834,0.10400000000000001
1684817766.8030193,141.9742645081748,0.10400000000000001
1684817766.8230155,141.97403312767537,0.10400000000000001
1684817766.8428907,141.9823997594743,0.10400000000000001
1684817766.8644552,142.0009434586604,0.10400000000000001
1684817766.8836367,142.0007754691697,0.10400000000000001
1684817766.9040518,142.00060748044856,0.10400000000000001
1684817766.9237838,142.00129019278853,0.10400000000000001
1684817766.9434526,142.00152058004988,0.10400000000000001
1684817766.963166,142.0015798745922,0.10400000000000001
1684817766.9828663,142.0015798745922,0.10400000000000001
1684817767.0030236,142.0015798745922,0.10400000000000001
1684817767.0235872,142.0015798745922,0.10400000000000001
1684817767.0436993,142.00152058004988,0.10400000000000001
1684817767.0640671,142.00106121373534,0.10400000000000001
1684817767.084273,142.00100253427001,0.10400000000000001
1684817767.1031332,142.0003255640552,0.10400000000000001
1684817767.12494,142.0000456716479,0.008
1684817767.143647,141.9999882231095,0.008
1684817767.163068,141.99993037852167,0.008
1684817767.1847265,141.99987213788407,0.008
1684817767.2036412,141.99987213788407,0.008
1684817767.2230031,141.99987213788407,0.008
1684817767.2428582,142.0000929543006,0.008
1684817767.263043,142.00031517931725,0.008
1684817767.2833533,142.00031517931725,0.008
1684817767.3041382,142.0000929543006,0.008
1684817767.3231409,141.99993037852167,0.008
1684817767.3437815,141.999548792433,0.008
1684817767.3640401,141.99933119006445,0.008
1684817767.3837419,141.9991149964043,0.008
1684817767.40446,141.9989002114986,0.008
1684817767.4236443,141.99884489693042,0.008
1684817767.443021,141.999002959149,0.008
1684817767.4631567,141.99894634658574,0.008
1684817767.482942,141.999103507417,0.008
1684817767.5030098,141.99904559680505,0.008
1684817767.524199,141.99920185621073,0.008
1684817767.5433366,141.99920185621073,0.008
1684817767.5636666,141.99920185621073,0.008
1684817767.584254,141.99920185621073,0.008
1684817767.6031563,141.99898729021325,0.008
1684817767.6236885,141.99883193358758,0.008
1684817767.6439295,141.9986196793145,0.008
1684817767.663509,141.9986196793145,0.008
1684817767.684795,141.99825528362933,0.008
1684817767.7038708,141.9980467501726,0.008
1684817767.7229998,141.9980467501726,0.008
1684817767.7429886,141.99783962580048,0.008
1684817767.762985,141.99799137060657,0.008
1684817767.783542,141.99814311604072,0.008
1684817767.8040822,141.99829486210288,0.008
1684817767.8231506,141.99844660879307,0.008
1684817767.8439393,141.99844660879307,0.008
1684817767.8637695,141.99823728227224,0.008
1684817767.8832486,141.99823728227224,0.008
1684817767.90408,141.9980293648955,0.008
1684817767.9236042,141.9980293648955,0.008
1684817767.9434743,141.99767381852826,0.008
1684817767.963186,141.99767381852826,0.008
1684817767.9828665,141.99752478095598,0.008
1684817768.00292,141.99752478095598,0.008
1684817768.023699,141.99767381852826,0.008
1684817768.0438128,141.99767381852826,0.008
1684817768.0641086,141.99746962242082,0.008
1684817768.084264,142.00636240105982,0.008
1684817768.1035612,142.00630549610077,0.008
1684817768.124042,142.00630549610077,0.01
1684817768.1432612,142.00624819475118,0.01
1684817768.1634998,142.00604413157393,0.01
1684817768.1840975,142.00604413157393,0.01
1684817768.2037458,142.00604413157393,0.01
1684817768.2229404,142.01609592120778,0.01
1684817768.2428927,142.01609592120778,0.01
1684817768.2629793,142.01609592120778,0.01
1684817768.283722,142.01609592120778,0.01
1684817768.304132,142.01609592120778,0.01
1684817768.323185,142.01609592120778,0.01
1684817768.343416,142.01609592120778,0.01
1684817768.3641396,142.01609592120778,0.01
1684817768.3831387,142.01624135439621,0.01
1684817768.4039845,142.01624135439621,0.01
1684817768.4240227,142.01604023400105,0.01
1684817768.443557,142.01618476483398,0.01
1684817768.4635165,142.01598415002107,0.01
1684817768.482977,142.01598415002107,0.01
1684817768.5026379,142.01598415002107,0.01
1684817768.5241728,142.01578494376395,0.01
1684817768.5435302,142.01578494376395,0.01
1684817768.5638442,142.01564221881458,0.01
1684817768.58419,142.01578494376395,0.01
1684817768.6032615,142.01564221881458,0.01
1684817768.6238868,142.01598415002107,0.01
1684817768.643731,142.01598415002107,0.01
1684817768.6636841,142.01598415002107,0.01
1684817768.6845798,142.01578494376395,0.01
1684817768.7030473,142.01578494376395,0.01
1684817768.7230146,142.01578494376395,0.01
1684817768.743169,142.01558714610402,0.01
1684817768.763056,142.01558714610402,0.01
1684817768.7841153,142.01539075708246,0.01
1684817768.8039334,142.01539075708246,0.01
1684817768.8242261,142.01539075708246,0.01
1684817768.8432992,142.01539075708246,0.01
1684817768.8646605,142.01539075708246,0.01
1684817768.8839095,142.01539075708246,0.01
1684817768.9038389,142.01539075708246,0.01
1684817768.9241061,142.006851679448,0.01
1684817768.9435174,142.006851679448,0.01
1684817768.962811,142.006851679448,0.01
1684817768.9830594,142.00665667709828,0.01
1684817769.0029492,142.00665667709828,0.01
1684817769.0235083,142.00665667709828,0.01
1684817769.044152,142.0064630835735,0.01
1684817769.0637271,142.0064630835735,0.01
1684817769.083124,141.99606160766092,0.01
1684817769.1037734,141.99606160766092,0.005
1684817769.1238775,141.99606160766092,0.005
1684817769.1430712,141.99606160766092,0.005
1684817769.1640553,141.99606160766092,0.005
1684817769.1838295,141.99606160766092,0.005
1684817769.202942,141.99625532079187,0.005
1684817769.222859,141.99625532079187,0.005
1684817769.242972,141.99606160766092,0.005
1684817769.2634625,141.99606160766092,0.005
1684817769.2841833,141.9959224996313,0.005
1684817769.3037305,141.9959224996313,0.005
1684817769.3243964,141.9959224996313,0.005
1684817769.3436642,141.99606160766092,0.005
1684817769.3631153,141.99606160766092,0.005
1684817769.384106,141.99606160766092,0.005
1684817769.4039762,141.99606160766092,0.005
1684817769.423654,141.99606160766092,0.005
1684817769.4431303,141.99606160766092,0.005
1684817769.4629283,141.99606160766092,0.005
1684817769.4830163,141.99606160766092,0.005
1684817769.502973,141.99606160766092,0.005
1684817769.5239248,141.99606160766092,0.005
1684817769.5441213,141.99606160766092,0.005
1684817769.5638628,141.99606160766092,0.005
1684817769.5835505,141.99606160766092,0.005
1684817769.6040778,141.9958693041987,0.005
1684817769.6236506,141.9958693041987,0.005
1684817769.6434157,141.9958693041987,0.005
1684817769.6640675,141.99600750980454,0.005
1684817769.6831188,141.9958693041987,0.005
1684817769.7029912,141.99600750980454,0.005
1684817769.7227507,141.99600750980454,0.005
1684817769.742976,141.99581571309324,0.005
1684817769.7633822,141.99595301625547,0.005
1684817769.7841685,141.99589812701453,0.005
1684817769.8036683,141.99589812701453,0.005
1684817769.8235781,141.99589812701453,0.005
1684817769.8437216,141.99570734386677,0.005
1684817769.8637457,141.99589812701453,0.005
1684817769.8838134,141.99589812701453,0.005
1684817769.903587,141.98727773138123,0.005
1684817769.9235976,141.99614571593142,0.005
1684817769.9437938,141.9959224996313,0.005
1684817769.9629152,141.9875774579824,0.005
1684817769.9829826,141.99583528949174,0.005
1684817770.003128,141.99588679120043,0.005
1684817770.0232008,141.9955552712984,0.005
1684817770.044149,141.9956542696381,0.005
1684817770.0640664,141.99551245665228,0.005
1684817770.0836356,141.99556046008874,0.005
1684817770.1039698,141.99560806793409,0.005
1684817770.1232526,141.99551076089207,0.005
1684817770.143238,141.9956021941677,0.005
1684817770.1636004,141.99550009208218,0.005
1684817770.183158,141.9954383185552,0.005
1684817770.2031596,141.99518059032354,0.005
1684817770.222866,141.9947308040465,0.005
1684817770.243033,141.9948412972237,0.005
1684817770.2636933,141.9947238018827,0.005
1684817770.2842429,142.00317584454385,0.005
1684817770.3037674,142.00289627544407,0.005
1684817770.3238146,142.00261270485913,0.005
1684817770.344161,142.00251049579387,0.005
1684817770.3631186,142.00240309658798,0.005
1684817770.384061,142.01066734696604,0.005
1684817770.4038124,142.02950664868985,0.005
1684817770.4235537,142.0379403063952,0.005
1684817770.443635,142.03782260722144,0.005
1684817770.4628267,142.03769591906112,0.005
1684817770.4829292,142.0459272656241,0.005
1684817770.5030596,142.05433316834842,0.005
1684817770.5231366,142.06253801569645,0.005
1684817770.5437694,142.06237003179817,0.005
1684817770.5632806,142.07054665904323,0.005
1684817770.5835576,142.07016079854745,0.005
1684817770.6042469,142.0697605253842,0.005
1684817770.6238143,142.07828872594482,0.005
1684817770.6438575,142.07806450925628,0.005
1684817770.6641197,142.0778428102152,0.005
1684817770.6831532,142.07741245018198,0.005
1684817770.702982,142.08569583274317,0.005
1684817770.7228224,142.08545306673494,0.005
1684817770.7429729,142.09373567480407,0.005
1684817770.7632084,142.09326706874393,0.005
1684817770.784076,142.09278965359894,0.005
1684817770.8032484,142.0918991398323,0.005
1684817770.8237407,142.0915895311477,0.005
1684817770.843639,142.09071406416362,0.005
1684817770.8639977,142.0903846400994,0.005
1684817770.8835678,142.0986360571066,0.005
1684817770.904127,142.10706857940156,0.005
1684817770.9235547,142.10717390671442,0.005
1684817770.9431927,142.10766466501602,0.005
1684817770.962766,142.1152842512237,0.005
1684817770.9828808,142.11496039092023,0.005
1684817771.0031052,142.12280934101176,0.005
1684817771.0233953,142.12228831401453,0.005
1684817771.0439405,142.1299539369688,0.005
1684817771.0636017,142.140510265627,0.005
1684817771.0836205,142.14841521159607,0.005
1684817771.1032941,142.1481227375455,0.005
1684817771.1232224,142.15650778917552,0.395
1684817771.1430175,142.16513220598625,0.395
1684817771.1642013,142.1735152011032,0.395
1684817771.1839106,142.18214306173996,0.395
1684817771.2029278,142.1820204975179,0.395
1684817771.2226167,142.18195860991355,0.395
1684817771.2430162,142.19958746343994,0.395
1684817771.2635193,142.19970264430603,0.395
1684817771.2838855,142.20745205520987,0.395
1684817771.303411,142.20767731635527,0.395
1684817771.3241541,142.21530312589042,0.395
1684817771.3435602,142.2232164762915,0.395
1684817771.3635871,142.23135547789886,0.395
1684817771.3839858,142.24994886608562,0.395
1684817771.4035141,142.25012556781965,0.395
1684817771.4241214,142.25826817735935,0.395
1684817771.4437814,142.25846262036967,0.395
1684817771.4630663,142.26634506184013,0.395
1684817771.4831648,142.2756355230182,0.395
1684817771.5033324,142.28484202454348,0.395
1684817771.5230267,142.30191623186982,0.395
1684817771.5441682,142.31873598177987,0.395
1684817771.5638065,142.33713329929796,0.395
1684817771.5847654,142.34459829418228,0.395
1684817771.6038067,142.35300166193707,0.395
1684817771.6236126,142.37165734233028,0.395
1684817771.6440384,142.37146768839213,0.395
1684817771.6636617,142.3706776588214,0.395
1684817771.6828763,142.38691014406123,0.395
1684817771.7031422,142.39524274982642,0.395
1684817771.7228992,142.41389527352388,0.395
1684817771.742894,142.43167860600025,0.395
1684817771.7631528,142.4583997037636,0.395
1684817771.783809,142.46722148158523,0.395
1684817771.8036904,142.48612937489372,0.395
1684817771.8240402,142.49516851706446,0.395
1684817771.8435903,142.50313543631333,0.395
1684817771.8638186,142.51180450937895,0.395
1684817771.8838098,142.5385101001811,0.395
1684817771.9037638,142.54690615771878,0.395
1684817771.9240594,142.56651874127243,0.395
1684817771.9431593,142.57524631143758,0.395
1684817771.9631603,142.58420011431662,0.395
1684817771.9828172,142.61106194555143,0.395
1684817772.0029485,142.61991280660263,0.395
1684817772.0244002,142.62737375599332,0.395
1684817772.0447636,142.64738434629726,0.395
1684817772.0636454,142.65500188161857,0.395
1684817772.0837433,142.66488123372818,0.395
1684817772.1039915,142.6723215265747,0.395
1684817772.123581,142.68348681942993,1.029
1684817772.1436713,142.6932924216428,1.029
1684817772.1637015,142.69271417084983,1.029
1684817772.1835365,142.70101733543027,1.029
1684817772.2031453,142.7088319092201,1.029
1684817772.2229013,142.71012888110167,1.029
1684817772.2430143,142.70969966056953,1.029
1684817772.263655,142.71880852632853,1.029
1684817772.2830694,142.71787456430042,1.029
1684817772.3041666,142.70912115744585,1.029
1684817772.3233902,142.71787456430042,1.029
1684817772.3436475,142.7282858076732,1.029
1684817772.3639643,142.73647239224195,1.029
1684817772.383804,142.74438120373787,1.029
1684817772.4035153,142.76213482025162,1.029
1684817772.4239945,142.77241911903783,1.029
1684817772.4430768,142.77174845830885,1.029
1684817772.4628675,142.77304644808467,1.029
1684817772.4828956,142.77277123887808,1.029
1684817772.5030096,142.7841191634018,1.029
1684817772.5230095,142.78506198945718,1.029
1684817772.544181,142.78617243247055,1.029
1684817772.563166,142.7857222456819,1.029
1684817772.5838683,142.78516884463838,1.029
1684817772.6038566,142.78400686266778,1.029
1684817772.6230984,142.7834074479671,1.029
1684817772.6439536,142.7830884362842,1.029
1684817772.6638958,142.7921220427286,1.029
1684817772.683655,142.79223374117757,1.029
1684817772.7028697,142.81053397389175,1.029
1684817772.722867,142.80963459381277,1.029
1684817772.7430482,142.80963459381277,1.029
1684817772.7635043,142.80908548959317,1.029
1684817772.7831566,142.80882511923627,1.029
1684817772.8039486,142.825216878384,1.029
1684817772.823723,142.84344407673564,1.029
1684817772.8431048,142.85341500196017,1.029
1684817772.8639724,142.85494950212913,1.029
1684817772.8834465,142.84788162939807,1.029
1684817772.9031312,142.8479512034144,1.029
1684817772.9240067,142.8471452205853,1.029
1684817772.9436333,142.84663330906838,1.029
1684817772.9630337,142.85561282966154,1.029
1684817772.9832225,142.8556471732878,1.029
1684817773.0029042,142.85647330653447,1.029
1684817773.0234232,142.87474878661112,1.029
1684817773.0441835,142.8741711284495,1.029
1684817773.0636187,142.8823956536073,1.029
1684817773.084012,142.90127009614594,1.029
1684817773.1028907,142.92003554377192,1.587
1684817773.1230533,142.93865172828484,1.587
1684817773.1441584,142.94030665562767,1.587
1684817773.1636884,142.94786622984688,1.587
1684817773.1839154,142.9406259738566,1.587
1684817773.2032359,142.94114024879585,1.587
1684817773.2227798,142.94139738887992,1.587
1684817773.243079,142.9328818417106,1.587
1684817773.2636647,142.93191083425944,1.587
1684817773.2842827,142.9307445640891,1.587
1684817773.3037863,142.93020565602188,1.587
1684817773.324245,142.92967591475943,1.587
1684817773.3431702,142.93743179995028,1.587
1684817773.3637788,142.94572318009088,1.587
1684817773.3843071,142.9632686720842,1.587
1684817773.4036124,142.9790240070587,1.587
1684817773.4236803,142.9879808185919,1.587
1684817773.443751,142.98771664151803,1.587
1684817773.4628716,142.988252054502,1.587
1684817773.4829342,142.9884339256339,1.587
1684817773.5028834,142.9972497562785,1.587
1684817773.5229921,143.0071817694845,1.587
1684817773.5439758,143.01718195503514,1.587
1684817773.5630755,143.03512650869257,1.587
1684817773.584014,143.06321931245915,1.587
1684817773.6038423,143.08207827591147,1.587
1684817773.6236777,143.09086807655865,1.587
1684817773.6437287,143.09160196455156,1.587
1684817773.6632514,143.09994381580117,1.587
1684817773.6838017,143.09998634225167,1.587
1684817773.7031734,143.09188522322285,1.587
1684817773.7228825,143.09234922957788,1.587
1684817773.7430768,143.0919072231214,1.587
1684817773.763165,143.10028407874333,1.587
1684817773.7832332,143.11914055141042,1.587
1684817773.803474,143.11982366351967,1.587
1684817773.823475,143.12898019743142,1.587
1684817773.843087,143.13981981236304,1.587
1684817773.8643138,143.14886869090947,1.587
1684817773.8836036,143.1507558182181,1.587
1684817773.9036913,143.1425867874797,1.587
1684817773.924201,143.1440142621315,1.587
1684817773.9437087,143.15248100012678,1.587
1684817773.9628382,143.15172165945506,1.587
1684817773.98285,143.15194780919052,1.587
1684817774.0029368,143.16067876142282,1.587
1684817774.0232499,143.15935713365982,1.587
1684817774.044213,143.16012270116005,1.587
1684817774.0637403,143.15128810121485,1.587
1684817774.0839312,143.1511803157132,1.587
1684817774.1045787,143.16091204181564,1.587
1684817774.1238315,143.16972926795373,1.986
1684817774.143582,143.15128680465529,1.986
1684817774.163141,143.152441260892,1.986
1684817774.1837552,143.162478145901,1.986
1684817774.2030923,143.16279776898858,1.986
1684817774.2229247,143.1626873478128,1.986
1684817774.2430146,143.17216971475838,1.986
1684817774.2639797,143.17193758330427,1.986
1684817774.2838528,143.17278558916698,1.986
1684817774.3040056,143.17241837958804,1.986
1684817774.3243084,143.17306446459122,1.986
1684817774.3434494,143.18176990536583,1.986
1684817774.3640969,143.18170271940718,1.986
1684817774.383389,143.18257072988263,1.986
1684817774.403657,143.18359219590835,1.986
1684817774.42421,143.1942269447509,1.986
1684817774.442971,143.19575874176658,1.986
1684817774.462935,143.2165854558304,1.986
1684817774.4830546,143.22556929420946,1.986
1684817774.5030544,143.22791652264158,1.986
1684817774.5240438,143.2269285349179,1.986
1684817774.5442684,143.23462911203939,1.986
1684817774.5643172,143.24123547658644,1.986
1684817774.584964,143.24952777357896,1.986
1684817774.6036687,143.2679351988781,1.986
1684817774.623131,143.26859280976598,1.986
1684817774.6447537,143.28584491793436,1.986
1684817774.6636422,143.30557312473104,1.986
1684817774.6835878,143.31475277502062,1.986
1684817774.7032156,143.33615634657542,1.986
1684817774.7229137,143.34610518259663,1.986
1684817774.7429433,143.37463759390832,1.986
1684817774.76413,143.38518212604035,1.986
1684817774.7834516,143.40390355764083,1.986
1684817774.803774,143.4046379511234,1.986
1684817774.8237915,143.39692622895674,1.986
1684817774.8431013,143.39744412556811,1.986
1684817774.8641067,143.39049382001764,1.986
1684817774.8831398,143.38268067873761,1.986
1684817774.903817,143.3752004092084,1.986
1684817774.9246142,143.3678431378417,1.986
1684817774.9435987,143.35149820293424,1.986
1684817774.9630146,143.34401583741837,1.986
1684817774.9826605,143.32712768549104,1.986
1684817775.0036905,143.30159804561876,1.986
1684817775.0233767,143.27384978794916,1.986
1684817775.0436544,143.25583021598246,1.986
1684817775.0631828,143.23593121696112,1.986
1684817775.0836668,143.21692013664546,1.986
1684817775.10356,143.20484587519226,1.986
1684817775.1241567,143.1748388079468,2.2560000000000002
1684817775.1437583,143.13579736669317,2.2560000000000002
1684817775.1634834,143.086721339048,2.2560000000000002
1684817775.1838903,143.02106018218436,2.2560000000000002
1684817775.2030022,142.93735106032238,2.2560000000000002
1684817775.2229197,142.83824277544147,2.2560000000000002
1684817775.24348,142.71817892106898,2.2560000000000002
1684817775.2631478,142.6371195794555,2.2560000000000002
1684817775.2839286,142.5563807611348,2.2560000000000002
1684817775.303567,142.50178309366927,2.2560000000000002
1684817775.3239708,142.45794343532472,2.2560000000000002
1684817775.3439229,142.42249589625408,2.2560000000000002
1684817775.3639097,142.39799327816178,2.2560000000000002
1684817775.3831902,142.38320332034678,2.2560000000000002
1684817775.4035408,142.36977632501416,2.2560000000000002
1684817775.4230096,142.36497196079495,2.2560000000000002
1684817775.443448,142.36783010555044,2.2560000000000002
1684817775.4629793,142.37707967171812,2.2560000000000002
1684817775.4829159,142.41175982541935,2.2560000000000002
1684817775.5030332,142.43505805269882,2.2560000000000002
1684817775.524778,142.45803503245884,2.2560000000000002
1684817775.5440707,142.46237895975392,2.2560000000000002
1684817775.5631092,142.46704824558796,2.2560000000000002
1684817775.5840333,142.46344212436045,2.2560000000000002
1684817775.6039987,142.4513442928262,2.2560000000000002
1684817775.6234128,142.43038729854536,2.2560000000000002
1684817775.6441028,142.40928135252435,2.2560000000000002
1684817775.6634865,142.4076271299011,2.2560000000000002
1684817775.683794,142.38764981976226,2.2560000000000002
1684817775.7029657,142.40727843903454,2.2560000000000002
1684817775.7228944,142.41729416932563,2.2560000000000002
1684817775.7429957,142.4454593041011,2.2560000000000002
1684817775.7631567,142.48364805135503,2.2560000000000002
1684817775.7830746,142.5110266474881,2.2560000000000002
1684817775.8030849,142.50856745609954,2.2560000000000002
1684817775.8238912,142.50752864555645,2.2560000000000002
1684817775.8436084,142.51802576918567,2.2560000000000002
1684817775.863668,142.52060514417914,2.2560000000000002
1684817775.8832512,142.5056724623943,2.2560000000000002
1684817775.9041452,142.49980095840058,2.2560000000000002
1684817775.9241045,142.50390156311917,2.2560000000000002
1684817775.943833,142.51507805047095,2.2560000000000002
1684817775.9628367,142.52404136141115,2.2560000000000002
1684817775.9828646,142.5433265656023,2.2560000000000002
1684817776.0029285,142.5628170621387,2.2560000000000002
1684817776.0241148,142.56349971081113,2.2560000000000002
1684817776.0439076,142.57305340178212,2.2560000000000002
1684817776.063708,142.57367844832623,2.2560000000000002
1684817776.0839953,142.5743009461518,2.2560000000000002
1684817776.1030686,142.5752904800791,2.2560000000000002
1684817776.1239386,142.56791098565444,0.223
1684817776.1442037,142.56983452927977,0.223
1684817776.1629798,142.5436987220992,0.223
1684817776.183843,142.53640655972634,0.223
1684817776.202869,142.51802319893233,0.223
1684817776.222881,142.51015953065374,0.223
1684817776.2430823,142.51032701657408,0.223
1684817776.2631192,142.49137341743662,0.223
1684817776.2832215,142.49126451882748,0.223
1684817776.3039663,142.49091129244775,0.223
1684817776.3231165,142.48021802328051,0.223
1684817776.3435802,142.4797823087398,0.223
1684817776.3640316,142.47976485888347,0.223
1684817776.3836246,142.4797387147862,0.223
1684817776.404133,142.4694150853526,0.223
1684817776.423441,142.46893610815067,0.223
1684817776.443401,142.48784540129304,0.223
1684817776.4628994,142.48786434990404,0.223
1684817776.4827778,142.48811963952258,0.223
1684817776.503104,142.48836569211304,0.223
1684817776.5236158,142.4799969096114,0.223
1684817776.5438313,142.48860925308807,0.223
1684817776.5636597,142.48021802328051,0.223
1684817776.5840423,142.47202593598075,0.223
1684817776.6031523,142.46359575764563,0.223
1684817776.6239204,142.4637491123783,0.223
1684817776.6437147,142.4638976790629,0.223
1684817776.6634758,142.45503659277196,0.223
1684817776.6841328,142.45439330960116,0.223
1684817776.7037425,142.45418689682487,0.223
1684817776.7229226,142.4539682040681,0.223
1684817776.7429154,142.4451636541654,0.223
1684817776.7630594,142.44514995858813,0.223
1684817776.7830155,142.4449486564459,0.223
1684817776.8041828,142.44514995858813,0.223
1684817776.8235562,142.4455567451976,0.223
1684817776.8438447,142.4459530466106,0.223
1684817776.8639512,142.44614386463732,0.223
1684817776.8830087,142.44614386463732,0.223
1684817776.904589,142.4461264761668,0.223
1684817776.9237192,142.4460904377414,0.223
1684817776.9431279,142.44586643322143,0.223
1684817776.96315,142.44564437508768,0.223
1684817776.9827857,142.44542426356003,0.223
1684817777.0029337,142.4451877126286,0.223
1684817777.023904,142.43672728158205,0.223
1684817777.0436685,142.43688381798196,0.223
1684817777.0640168,142.43703812132597,0.223
1684817777.083906,142.43721438737558,0.223
1684817777.1031542,142.43739065425927,0.223
1684817777.1241775,142.43776968724075,0.004
1684817777.1431143,142.43756692197707,0.004
1684817777.163626,142.43754091209902,0.004
1684817777.1843042,142.43734002837962,0.004
1684817777.203614,142.43731408523462,0.004
1684817777.2229686,142.43711508320442,0.004
1684817777.2427208,142.43691747601937,0.004
1684817777.2630234,142.43672126372724,0.004
1684817777.2840765,142.4366963613981,0.004
1684817777.3042092,142.43686627719586,0.004
1684817777.3238966,142.43684004760453,0.004
1684817777.343684,142.436813397884,0.004
1684817777.3631687,142.43714960303694,0.004
1684817777.3832464,142.43712071871843,0.004
1684817777.4047568,142.43745511241124,0.004
1684817777.4237757,142.43742399335233,0.004
1684817777.443909,142.4373924540417,0.004
1684817777.4628794,142.43719601915976,0.004
1684817777.4829414,142.42840108040298,0.004
1684817777.5032141,142.42840108040298,0.004
1684817777.5236666,142.4282074026802,0.004
1684817777.5439167,142.42817683404795,0.004
1684817777.5641487,142.42817683404795,0.004
1684817777.5830312,142.42833854847657,0.004
1684817777.6033158,142.41974049413662,0.004
1684817777.623828,142.41990217192705,0.004
1684817777.6431518,142.42006385041967,0.004
1684817777.6631844,142.42003007122779,0.004
1684817777.683224,142.42019084340524,0.004
1684817777.703221,142.42015573794706,0.004
1684817777.723357,142.4201202132351,0.004
1684817777.7431338,142.4197336189645,0.004
1684817777.7630558,142.4195424153167,0.004
1684817777.7840602,142.41969865073273,0.004
1684817777.8031816,142.41969865073273,0.004
1684817777.8237407,142.4195079350074,0.004
1684817777.84405,142.4196632632771,0.004
1684817777.8636427,142.4196632632771,0.004
1684817777.883465,142.41106668212845,0.004
1684817777.9036748,142.4112219751753,0.004
1684817777.9231243,142.4112219751753,0.004
1684817777.944058,142.411185195803,0.004
1684817777.9629562,142.41099451861768,0.004
1684817777.9829643,142.41114799770472,0.004
1684817778.0030982,142.4113014774247,0.004
1684817778.0236797,142.41111038087647,0.004
1684817778.043605,142.41092068028001,0.004
1684817778.063714,142.41088313304144,0.004
1684817778.0836766,142.40228821408817,0.004
1684817778.103389,142.40228821408817,0.004
1684817778.1231565,142.40228821408817,0.019
1684817778.143627,142.40243893724255,0.019
1684817778.1635344,142.40243893724255,0.019
1684817778.1837022,142.40243893724255,0.019
1684817778.203292,142.40258966100757,0.019
1684817778.224206,142.40258966100757,0.019
1684817778.2438679,142.4024000013722,0.019
1684817778.264044,142.40221173790349,0.019
1684817778.2837012,142.40217287251997,0.019
1684817778.303542,142.40217287251997,0.019
1684817778.3241775,142.4021335889381,0.019
1684817778.3435357,142.4021335889381,0.019
1684817778.363938,142.4022806844625,0.019
1684817778.3841507,142.4022806844625,0.019
1684817778.4031749,142.4022806844625,0.019
1684817778.4227638,142.4024277805685,0.019
1684817778.442729,142.4024277805685,0.019
1684817778.4630432,142.3921148083408,0.019
1684817778.4837716,142.39192698168924,0.019
1684817778.504234,142.4022400757164,0.019
1684817778.5231705,142.40205376716733,0.019
1684817778.543962,142.40205376716733,0.019
1684817778.5636966,142.40201322897278,0.019
1684817778.5838847,142.38310574264213,0.019
1684817778.6039774,142.38292117351247,0.019
1684817778.6232476,142.38306463613745,0.019
1684817778.644102,142.38306463613745,0.019
1684817778.6635108,142.38320809931605,0.019
1684817778.6836147,142.38320809931605,0.019
1684817778.7038035,142.38339448356047,0.019
1684817778.723142,142.38339448356047,0.019
1684817778.743228,142.38320809931605,0.019
1684817778.7641048,142.38320809931605,0.019
1684817778.7831476,142.38320809931605,0.019
1684817778.8037772,142.38302311238596,0.019
1684817778.8239245,142.383165668543,0.019
1684817778.8430908,142.37443080049218,0.019
1684817778.864052,142.37443080049218,0.019
1684817778.882974,142.3743888012649,0.019
1684817778.9029577,142.3745733237007,0.019
1684817778.9231195,142.37471584745578,0.019
1684817778.9439027,142.37453041764007,0.019
1684817778.9641118,142.37453041764007,0.019
1684817778.983765,142.37453041764007,0.019
1684817779.0036132,142.36594000080558,0.019
1684817779.0240662,142.36594000080558,0.019
1684817779.043161,142.36575594354807,0.019
1684817779.0639076,142.36575594354807,0.019
1684817779.0841575,142.36557328393263,0.019
1684817779.1031592,142.36557328393263,0.019
1684817779.1229284,142.36571305373727,0.006
1684817779.1424806,142.36571305373727,0.006
1684817779.1630256,142.36571305373727,0.006
1684817779.1833272,142.36571305373727,0.006
1684817779.2042372,142.36571305373727,0.006
1684817779.2235625,142.36585282406767,0.006
1684817779.244745,142.36566974773035,0.006
1684817779.2635713,142.36566974773035,0.006
1684817779.283991,142.36566974773035,0.006
1684817779.3033931,142.36548806910054,0.006
1684817779.3231337,142.36548806910054,0.006
1684817779.3432982,142.36548806910054,0.006
1684817779.3632536,142.36548806910054,0.006
1684817779.3829012,142.36562602552567,0.006
1684817779.4029753,142.36562602552567,0.006
1684817779.423127,142.36562602552567,0.006
1684817779.4431372,142.36562602552567,0.006
1684817779.464443,142.36562602552567,0.006
1684817779.4837363,142.36562602552567,0.006
1684817779.5035648,142.36544483741685,0.006
1684817779.5241427,142.36558188712164,0.006
1684817779.5437236,142.36558188712164,0.006
1684817779.5633361,142.36558188712164,0.006
1684817779.5841675,142.36540118955259,0.006
1684817779.6030996,142.36540118955259,0.006
1684817779.6236875,142.36540118955259,0.006
1684817779.6430433,142.36540118955259,0.006
1684817779.6636872,142.36540118955259,0.006
1684817779.6846132,142.36540118955259,0.006
1684817779.703158,142.36558188712164,0.006
1684817779.723144,142.36558188712164,0.006
1684817779.7446783,142.36558188712164,0.006
1684817779.7635868,142.36540118955259,0.006
1684817779.7838848,142.36553733251696,0.006
1684817779.8046262,142.3653571255064,0.006
1684817779.823445,142.3653571255064,0.006
1684817779.8436947,142.3653571255064,0.006
1684817779.863906,142.3653571255064,0.006
1684817779.883081,142.3653571255064,0.006
1684817779.9042416,142.3654923617103,0.006
1684817779.9238188,142.3653571255064,0.006
1684817779.9436247,142.3653571255064,0.006
1684817779.9640996,142.3653571255064,0.006
1684817779.9831374,142.3653571255064,0.006
1684817780.0041382,142.3653571255064,0.006
1684817780.0241628,142.3653571255064,0.006
1684817780.043186,142.3653571255064,0.006
1684817780.0630307,142.35690357097545,0.006
1684817780.0829067,142.35690357097545,0.006
1684817780.1030676,142.35690357097545,0.006
1684817780.1234713,142.3567683660352,0.005
1684817780.1438236,142.3567683660352,0.005
1684817780.163737,142.3567238316629,0.005
1684817780.184176,142.3567238316629,0.005
1684817780.203763,142.3567238316629,0.005
1684817780.2236204,142.3567238316629,0.005
1684817780.2441044,142.3567238316629,0.005
1684817780.2630985,142.35690357097545,0.005
1684817780.283837,142.35690357097545,0.005
1684817780.3030598,142.35690357097545,0.005
1684817780.3235009,142.35690357097545,0.005
1684817780.3440752,142.35690357097545,0.005
1684817780.363564,142.35690357097545,0.005
1684817780.3835871,142.3567238316629,0.005
1684817780.4041715,142.3567238316629,0.005
1684817780.4231718,142.3567238316629,0.005
1684817780.4438925,142.3567238316629,0.005
1684817780.4641554,142.35685813003226,0.005
1684817780.4830976,142.35685813003226,0.005
1684817780.5039642,142.35685813003226,0.005
1684817780.5230591,142.35685813003226,0.005
1684817780.5428922,142.34671574858905,0.005
1684817780.563082,142.34671574858905,0.005
1684817780.5840406,142.34671574858905,0.005
1684817780.6039016,142.34671574858905,0.005
1684817780.6242704,142.346534988572,0.005
1684817780.6435375,142.34635562733416,0.005
1684817780.6635556,142.34635562733416,0.005
1684817780.6841316,142.34635562733416,0.005
1684817780.7031598,142.3462222093255,0.005
1684817780.7239003,142.33763454724087,0.005
1684817780.7442212,142.33781302396417,0.005
1684817780.7637622,142.33781302396417,0.005
1684817780.7829225,142.3381281008084,0.005
1684817780.8030558,142.3381281008084,0.005
1684817780.8231297,142.3381281008084,0.005
1684817780.8436232,142.3381281008084,0.005
1684817780.8634708,142.3381281008084,0.005
1684817780.8835604,142.32954243946293,0.005
1684817780.9039485,142.32936163419444,0.005
1684817780.9230971,142.3291822279254,0.005
1684817780.943921,142.3291822279254,0.005
1684817780.9638884,142.3291822279254,0.005
1684817780.983689,142.32936163419444,0.005
1684817781.0035675,142.32936163419444,0.005
1684817781.022848,142.32936163419444,0.005
1684817781.043149,142.32936163419444,0.005
1684817781.0640402,142.32967760990527,0.005
1684817781.0832288,142.32967760990527,0.005
1684817781.1035814,142.32954243946293,0.005
1684817781.1243002,142.32954243946293,0.01
1684817781.1436946,142.32936163419444,0.01
1684817781.1639035,142.32936163419444,0.01
1684817781.1839635,142.3207779363899,0.01
1684817781.2034447,142.32059850764014,0.01
1684817781.223655,142.32059850764014,0.01
1684817781.242929,142.3209121689391,0.01
1684817781.262926,142.31058102032904,0.01
1684817781.28383,142.31058102032904,0.01
1684817781.3040779,142.310898035365,0.01
1684817781.324972,142.310898035365,0.01
1684817781.3443882,142.310898035365,0.01
1684817781.363669,142.310898035365,0.01
1684817781.3839552,142.31076286869498,0.01
1684817781.4033823,142.31058102032904,0.01
1684817781.423467,142.31058102032904,0.01
1684817781.4440467,142.31058102032904,0.01
1684817781.4636166,142.31058102032904,0.01
1684817781.4828422,142.31058102032904,0.01
1684817781.503187,142.31058102032904,0.01
1684817781.5236046,142.31058102032904,0.01
1684817781.5440667,142.30231547602065,0.01
1684817781.5644543,142.30231547602065,0.01
1684817781.5837245,142.30231547602065,0.01
1684817781.6039028,142.30249965330464,0.01
1684817781.6236613,142.30231547602065,0.01
1684817781.6436088,142.30218034063714,0.01
1684817781.6642196,142.30218034063714,0.01
1684817781.683143,142.3019984699226,0.01
1684817781.704,142.3019984699226,0.01
1684817781.7229347,142.3019984699226,0.01
1684817781.7429216,142.3019984699226,0.01
1684817781.7630923,142.3019984699226,0.01
1684817781.7839167,142.3019984699226,0.01
1684817781.803684,142.30195132139616,0.01
1684817781.823962,142.29405511381833,0.01
1684817781.843553,142.29373490332307,0.01
1684817781.8645153,142.29359979922125,0.01
1684817781.8840868,142.29359979922125,0.01
1684817781.9033277,142.29359979922125,0.01
1684817781.9236171,142.29359979922125,0.01
1684817781.9439318,142.29310412243157,0.01
1684817781.9630384,142.29310412243157,0.01
1684817781.983033,142.27436596328323,0.01
1684817782.0029342,142.2746821854834,0.01
1684817782.0228636,142.27454708621315,0.01
1684817782.0438035,142.27505044700087,0.01
1684817782.0630188,142.27537449796745,0.01
1684817782.0830586,142.27518735947052,0.01
1684817782.1039774,142.27500162188383,0.01
1684817782.123084,142.27481728524648,0.001
1684817782.1433496,142.27450015619715,0.001
1684817782.1639712,142.26574211108164,0.001
1684817782.1828763,142.26574211108164,0.001
1684817782.2040076,142.26543051233068,0.001
1684817782.2228992,142.26560885540397,0.001
1684817782.2428792,142.26578859966418,0.001
1684817782.2632527,142.26610481305045,0.001
1684817782.2837873,142.26642424032676,0.001
1684817782.303888,142.26628826570973,0.001
1684817782.3241262,142.26633623918258,0.001
1684817782.34345,142.26606248019814,0.001
1684817782.3638587,142.2658803448551,0.001
1684817782.383655,142.2658803448551,0.001
1684817782.4035697,142.26583467758843,0.001
1684817782.4240596,142.26565443831964,0.001
1684817782.4438007,142.26560885540397,0.001
1684817782.4633658,142.26592276149492,0.001
1684817782.4831097,142.25729990639314,0.001
1684817782.503116,142.25729990639314,0.001
1684817782.52316,142.25748148489345,0.001
1684817782.5440922,142.25729990639314,0.001
1684817782.5636709,142.25748148489345,0.001
1684817782.5840514,142.26610481305045,0.001
1684817782.6041293,142.26578859966418,0.001
1684817782.6233704,142.26596974507305,0.001
1684817782.6439455,142.26583467758843,0.001
1684817782.663491,142.26583467758843,0.001
1684817782.6836221,142.2656996105966,0.001
1684817782.7041895,142.2569449628563,0.001
1684817782.7230396,142.2570790926364,0.001
1684817782.7430265,142.25739439076708,0.001
1684817782.763003,142.2572132229026,0.001
1684817782.7838645,142.25734735365495,0.001
1684817782.8039532,142.25748148489345,0.001
1684817782.8241959,142.2575294274565,0.001
1684817782.8433907,142.25771290247064,0.001
1684817782.8635614,142.25771290247064,0.001
1684817782.8837152,142.25771290247064,0.001
1684817782.9034472,142.25739439076708,0.001
1684817782.9236026,142.25725935457038,0.001
1684817782.9430969,142.2570790926364,0.001
1684817782.9630835,142.2569449628563,0.001
1684817782.9827082,142.2569449628563,0.001
1684817783.0030122,142.2569449628563,0.001
1684817783.023108,142.2569449628563,0.001
1684817783.0442784,142.25725935457038,0.001
1684817783.063858,142.25739439076708,0.001
1684817783.0841389,142.25739439076708,0.001
1684817783.1037698,142.25739439076708,0.001
1684817783.1238253,142.25734735365495,0.002
1684817783.143717,142.2572132229026,0.002
1684817783.1631606,142.2572132229026,0.002
1684817783.183826,142.2572132229026,0.002
1684817783.2031965,142.25703345629577,0.002
1684817783.222982,142.25703345629577,0.002
1684817783.242702,142.25703345629577,0.002
1684817783.2630591,142.2486398326923,0.002
1684817783.2831883,142.2486398326923,0.002
1684817783.304076,142.24850573349963,0.002
1684817783.3237026,142.24850573349963,0.002
1684817783.343205,142.23833889180207,0.002
1684817783.3640983,142.23833889180207,0.002
1684817783.3838704,142.23833889180207,0.002
1684817783.4037502,142.23833889180207,0.002
1684817783.424223,142.23847392358547,0.002
1684817783.44353,142.23847392358547,0.002
1684817783.4631906,142.23847392358547,0.002
1684817783.4827528,142.23829261946432,0.002
1684817783.502939,142.23797949753663,0.002
1684817783.5233335,142.23797949753663,0.002
1684817783.5439222,142.23797949753663,0.002
1684817783.5637445,142.2381584935822,0.002
1684817783.5840302,142.22990174268386,0.002
1684817783.6030724,142.22990174268386,0.002
1684817783.6232882,142.22990174268386,0.002
1684817783.6440666,142.22976674219953,0.002
1684817783.6631038,142.22976674219953,0.002
1684817783.684102,142.22976674219953,0.002
1684817783.7038627,142.22976674219953,0.002
1684817783.7230608,142.22976674219953,0.002
1684817783.7429767,142.22976674219953,0.002
1684817783.7630587,142.22976674219953,0.002
1684817783.783479,142.22976674219953,0.002
1684817783.8042064,142.2295863213703,0.002
1684817783.823945,142.22976674219953,0.002
1684817783.8438606,142.22990174268386,0.002
1684817783.8641021,142.22151430005187,0.002
1684817783.8838124,142.22151430005187,0.002
1684817783.903451,142.22151430005187,0.002
1684817783.9237492,142.22137842538632,0.002
1684817783.9436827,142.22137842538632,0.002
1684817783.9630866,142.22137842538632,0.002
1684817783.982962,142.22119657961835,0.002
1684817784.0030704,142.22137842538632,0.002
1684817784.0233455,142.22137842538632,0.002
1684817784.0437253,142.22119657961835,0.002
1684817784.0648232,142.22119657961835,0.002
1684817784.084027,142.22133154880842,0.002
1684817784.103167,142.22151430005187,0.002
1684817784.123547,142.22151430005187,0.007
1684817784.1436956,142.22151430005187,0.007
1684817784.1635134,142.22151430005187,0.007
1684817784.1840327,142.2025911269027,0.007
1684817784.2032173,142.20245525675392,0.007
1684817784.2230268,142.20245525675392,0.007
1684817784.242936,142.20245525675392,0.007
1684817784.263059,142.20245525675392,0.007
1684817784.283323,142.20213830959864,0.007
1684817784.3041916,142.20213830959864,0.007
1684817784.3237615,142.2022732738084,0.007
1684817784.3447797,142.2022732738084,0.007
1684817784.3637786,142.20245525675392,0.007
1684817784.384053,142.20245525675392,0.007
1684817784.4046583,142.20245525675392,0.007
1684817784.4231594,142.20245525675392,0.007
1684817784.4436324,142.2022732738084,0.007
1684817784.4630451,142.2022732738084,0.007
1684817784.4829693,142.2022732738084,0.007
1684817784.503065,142.2022732738084,0.007
1684817784.5236962,142.2022732738084,0.007
1684817784.543807,142.2022732738084,0.007
1684817784.564143,142.2022732738084,0.007
1684817784.5838997,142.20245525675392,0.007
1684817784.6035028,142.20245525675392,0.007
1684817784.624018,142.20245525675392,0.007
1684817784.6434634,142.20245525675392,0.007
1684817784.6635702,142.20245525675392,0.007
1684817784.6843152,142.2022732738084,0.007
1684817784.7031553,142.19388829462656,0.007
1684817784.7229373,142.19370628904284,0.007
1684817784.7427921,142.19370628904284,0.007
1684817784.7630744,142.19370628904284,0.007
1684817784.7849503,142.19370628904284,0.007
1684817784.80389,142.19370628904284,0.007
1684817784.8237057,142.19370628904284,0.007
1684817784.8446283,142.19370628904284,0.007
1684817784.863157,142.19370628904284,0.007
1684817784.8834102,142.19388829462656,0.007
1684817784.904196,142.19388829462656,0.007
1684817784.9235835,142.19388829462656,0.007
1684817784.9446275,142.19388829462656,0.007
1684817784.9629824,142.19388829462656,0.007
1684817784.9828832,142.19388829462656,0.007
1684817785.003203,142.19370628904284,0.007
1684817785.02313,142.19370628904284,0.007
1684817785.043621,142.19370628904284,0.007
1684817785.0639756,142.19370628904284,0.007
1684817785.0831149,142.19339165916128,0.007
1684817785.1047227,142.19339165916128,0.007
1684817785.12418,142.19352568682976,0.009000000000000001
1684817785.1431758,142.19370628904284,0.009000000000000001
1684817785.1635902,142.19370628904284,0.009000000000000001
1684817785.1843834,142.19370628904284,0.009000000000000001
1684817785.203536,142.19370628904284,0.009000000000000001
1684817785.2231846,142.19370628904284,0.009000000000000001
1684817785.2428055,142.19370628904284,0.009000000000000001
1684817785.2630265,142.19370628904284,0.009000000000000001
1684817785.284671,142.19370628904284,0.009000000000000001
1684817785.303767,142.19370628904284,0.009000000000000001
1684817785.323429,142.19370628904284,0.009000000000000001
1684817785.344179,142.19370628904284,0.009000000000000001
1684817785.3642652,142.19370628904284,0.009000000000000001
1684817785.3838906,142.19370628904284,0.009000000000000001
1684817785.4037647,142.19370628904284,0.009000000000000001
1684817785.4243512,142.19370628904284,0.009000000000000001
1684817785.4441078,142.19370628904284,0.009000000000000001
1684817785.4628892,142.19370628904284,0.009000000000000001
1684817785.4829786,142.19370628904284,0.009000000000000001
1684817785.5034454,142.19370628904284,0.009000000000000001
1684817785.5231817,142.19370628904284,0.009000000000000001
1684817785.5437264,142.19370628904284,0.009000000000000001
1684817785.5641317,142.19370628904284,0.009000000000000001
1684817785.5842729,142.19370628904284,0.009000000000000001
1684817785.6040034,142.19370628904284,0.009000000000000001
1684817785.6241455,142.19370628904284,0.009000000000000001
1684817785.6442688,142.19370628904284,0.009000000000000001
1684817785.6640563,142.19370628904284,0.009000000000000001
1684817785.6829078,142.19370628904284,0.009000000000000001
1684817785.7032454,142.19370628904284,0.009000000000000001
1684817785.722969,142.19370628904284,0.009000000000000001
1684817785.7431767,142.19370628904284,0.009000000000000001
1684817785.763187,142.19370628904284,0.009000000000000001
1684817785.7835524,142.19370628904284,0.009000000000000001
1684817785.804262,142.19370628904284,0.009000000000000001
1684817785.8240159,142.19370628904284,0.009000000000000001
1684817785.8445857,142.19370628904284,0.009000000000000001
1684817785.8642888,142.19370628904284,0.009000000000000001
1684817785.8841774,142.19370628904284,0.009000000000000001
1684817785.9042528,142.19370628904284,0.009000000000000001
1684817785.9243183,142.19370628904284,0.009000000000000001
1684817785.944146,142.19370628904284,0.009000000000000001
1684817785.9638784,142.19370628904284,0.009000000000000001
1684817785.9829,142.19370628904284,0.009000000000000001
1684817786.0029411,142.19370628904284,0.009000000000000001
1684817786.022895,142.19370628904284,0.009000000000000001
1684817786.0438764,142.19370628904284,0.009000000000000001
1684817786.064076,142.19370628904284,0.009000000000000001
1684817786.0844574,142.19370628904284,0.009000000000000001
1684817786.1042123,142.19370628904284,0.009000000000000001
1684817786.1243284,142.19370628904284,0.009000000000000001
1684817786.1442146,142.19370628904284,0.009000000000000001
