time,heading_from_position,gps_heading,imu_heading,heading_ekf,headAcc
1688814573.3835955,47.69,9.888559999999984,255.94,33.89206667560342,180.0
1688814573.4032586,47.69,9.888559999999984,255.94,33.89206667560342,180.0
1688814573.4232035,47.69,9.888559999999984,255.94,33.89206667560342,180.0
1688814573.444464,47.69,9.888559999999984,255.94,33.89206667560342,180.0
1688814573.4633174,47.69,9.888559999999984,255.94,33.89206667560342,180.0
1688814573.4833598,47.69,9.888559999999984,255.94,33.89206667560342,180.0
1688814573.504398,47.69,9.888559999999984,255.94,33.89206667560342,180.0
1688814573.5230768,47.69,9.888559999999984,255.94,33.89206667560342,180.0
1688814573.5444942,47.69,9.888559999999984,255.94,33.89206667560342,180.0
1688814573.5631838,47.69,9.888559999999984,255.94,33.89206667560342,180.0
1688814573.5837905,47.69,9.888559999999984,255.94,33.89206667560342,180.0
1688814573.6038966,47.69,9.888559999999984,255.94,33.89206667560342,180.0
1688814573.623398,47.69,9.888559999999984,255.94,33.89206667560342,180.0
1688814573.6429777,47.69,9.888559999999984,255.94,33.89206667560342,180.0
1688814573.6629107,47.69,9.888559999999984,255.94,33.89206667560342,180.0
1688814573.6839051,47.69,9.888559999999984,255.94,33.89206667560342,180.0
1688814573.7034607,47.69,9.888559999999984,255.94,33.89206667560342,180.0
1688814573.7237108,47.69,9.888559999999984,255.94,33.89206667560342,156.0
1688814573.7430065,47.69,9.888559999999984,255.94,33.89206667560342,156.0
1688814573.7634144,47.69,9.888559999999984,255.94,33.89206667560342,156.0
1688814573.7834287,47.69,9.888559999999984,255.94,33.89206667560342,156.0
1688814573.8028922,47.69,9.888559999999984,255.94,33.89206667560342,156.0
1688814573.8238802,47.69,9.888559999999984,255.94,33.89206667560342,156.0
1688814573.8433516,47.69,9.888559999999984,255.94,33.89206667560342,156.0
1688814573.8634772,47.69,9.888559999999984,255.94,33.89206667560342,156.0
1688814573.8839078,47.69,9.888559999999984,255.94,33.89206667560342,156.0
1688814573.903112,47.69,9.888559999999984,255.94,33.89206667560342,156.0
1688814573.923206,47.69,9.888559999999984,255.94,33.89206667560342,180.0
1688814573.9442043,47.69,9.888559999999984,255.94,33.89206667560342,180.0
1688814573.9634247,47.69,9.888559999999984,255.94,33.89206667560342,180.0
1688814573.983218,47.69,9.888559999999984,255.94,33.89206667560342,180.0
1688814574.003991,47.69,9.888559999999984,255.94,33.89206667560342,180.0
1688814574.0229135,47.69,9.888559999999984,255.94,33.89206667560342,180.0
1688814574.0437448,47.69,9.888559999999984,255.94,33.89206667560342,180.0
1688814574.0638309,47.69,9.888559999999984,255.94,33.89206667560342,180.0
1688814574.0844104,47.69,9.888559999999984,255.94,33.89206667560342,180.0
1688814574.1032484,47.69,9.888559999999984,255.94,33.89206667560342,180.0
1688814574.1236033,47.69,9.888559999999984,255.94,33.89206667560342,180.0
1688814574.1434085,47.69,9.888559999999984,255.94,33.89206667560342,180.0
1688814574.1638107,47.69,9.888559999999984,255.94,33.89206667560342,180.0
1688814574.1831875,47.69,9.888559999999984,255.94,33.89206667560342,180.0
1688814574.2038922,47.69,9.888559999999984,255.94,33.89206667560342,180.0
1688814574.2231417,47.69,9.888559999999984,255.94,33.89206667560342,180.0
1688814574.2434354,47.69,9.888559999999984,255.94,33.89206667560342,180.0
1688814574.2635067,47.69,9.888559999999984,255.94,33.89206667560342,180.0
1688814574.2833126,47.69,9.888559999999984,255.94,33.89206667560342,180.0
1688814574.303656,47.69,9.888559999999984,255.94,33.89206667560342,180.0
1688814574.3231874,47.69,9.888559999999984,255.94,33.89206667560342,180.0
1688814574.3433747,47.69,9.888559999999984,255.94,33.89206667560342,180.0
1688814574.363289,47.69,9.888559999999984,255.94,33.89206667560342,180.0
1688814574.3828723,47.69,9.888559999999984,255.94,33.89206667560342,180.0
1688814574.4035473,47.69,9.888559999999984,255.94,33.89206667560342,180.0
1688814574.4239757,47.69,9.888559999999984,255.94,33.89206667560342,167.0
1688814574.4432287,47.69,9.888559999999984,255.94,33.89206667560342,167.0
1688814574.4630551,47.69,9.888559999999984,255.94,33.89206667560342,167.0
1688814574.4832857,47.69,9.888559999999984,255.94,33.89206667560342,167.0
1688814574.5036843,47.69,9.888559999999984,255.94,33.89206667560342,167.0
1688814574.5235906,47.69,9.888559999999984,255.94,33.89206667560342,180.0
1688814574.543109,47.69,9.888559999999984,255.94,33.89206667560342,180.0
1688814574.5634072,47.69,9.888559999999984,255.94,33.89206667560342,180.0
1688814574.5835302,47.69,9.888559999999984,255.94,33.89206667560342,180.0
1688814574.60413,47.69,9.888559999999984,255.94,33.89206667560342,180.0
1688814574.6235046,47.69,9.888559999999984,255.94,33.89206667560342,180.0
1688814574.6435087,47.69,9.888559999999984,255.94,33.89206667560342,180.0
1688814574.6633122,47.69,9.888559999999984,255.94,33.89206667560342,180.0
1688814574.6843052,47.69,9.888559999999984,255.94,33.89206667560342,180.0
1688814574.7035317,47.69,9.888559999999984,255.94,33.89206667560342,180.0
1688814574.7231898,47.69,9.888559999999984,255.94,33.89206667560342,180.0
1688814574.7434638,47.69,9.888559999999984,255.94,33.89206667560342,180.0
1688814574.7634912,47.69,9.888559999999984,255.94,33.89206667560342,180.0
1688814574.7831905,47.69,9.888559999999984,255.94,33.89206667560342,180.0
1688814574.8036685,47.69,9.888559999999984,255.94,33.89206667560342,180.0
1688814574.823219,47.69,9.888559999999984,255.94,33.89206667560342,180.0
1688814574.8436232,47.69,9.888559999999984,255.94,33.89206667560342,180.0
1688814574.8635392,47.69,9.888559999999984,255.94,33.89206667560342,180.0
1688814574.8832679,47.69,9.888559999999984,255.94,33.89206667560342,180.0
1688814574.9029133,47.69,9.888559999999984,255.94,33.89206667560342,180.0
1688814574.9233997,47.69,9.888559999999984,255.94,33.89206667560342,180.0
1688814574.9431207,47.69,9.888559999999984,255.94,33.89206667560342,180.0
1688814574.9631407,47.69,9.888559999999984,255.94,33.89206667560342,180.0
1688814574.9832785,47.69,9.888559999999984,255.94,33.89206667560342,180.0
1688814575.0038967,47.69,9.888559999999984,255.94,33.89206667560342,180.0
1688814575.0236413,47.69,9.888559999999984,255.94,33.89206667560342,180.0
1688814575.042972,47.69,9.888559999999984,255.94,33.89206667560342,180.0
1688814575.063558,47.69,9.888559999999984,255.94,193.27042515575786,180.0
1688814575.0834057,47.69,9.888559999999984,255.94,172.64878363591228,180.0
1688814575.103442,47.69,9.888559999999984,255.94,157.18255249602814,180.0
1688814575.1235526,47.69,9.888559999999984,255.94,133.98320578620186,180.0
1688814575.143176,47.69,9.888559999999984,255.94,114.65041686134666,180.0
1688814575.1637409,47.69,9.888559999999984,255.94,97.89533312647212,180.0
1688814575.1835284,47.69,9.888559999999984,255.94,77.27369160662658,180.0
1688814575.2031465,47.69,9.888559999999984,255.94,56.65205008678103,168.0
1688814575.2235255,47.69,9.888559999999984,255.94,46.34122932685825,168.0
1688814575.2435362,47.69,9.888559999999984,255.94,46.34122932685825,168.0
1688814575.263173,47.69,9.888559999999984,255.94,46.34122932685825,168.0
1688814575.2839851,47.69,9.888559999999984,255.94,46.34122932685825,168.0
1688814575.3028996,47.69,9.888559999999984,255.94,46.34122932685825,168.0
1688814575.3233721,47.69,9.888559999999984,255.95,46.341904633066925,58.0
1688814575.3434715,47.69,9.888559999999984,255.95,46.34294828811669,58.0
1688814575.363408,47.69,9.888559999999984,255.95,46.343807768745904,58.0
1688814575.3834968,47.69,9.888559999999984,255.95,46.3445444664281,58.0
1688814575.403344,47.69,9.888559999999984,255.95,46.34546533853084,58.0
1688814575.4234326,47.69,9.888559999999984,255.95,46.346447602107084,58.0
1688814575.4438684,47.69,9.888559999999984,255.95,46.34736847420982,58.0
1688814575.4630458,47.69,9.888559999999984,255.95,46.34847352073311,58.0
1688814575.4832356,47.69,9.888559999999984,255.95,46.349210218415294,58.0
1688814575.5033956,47.69,9.888559999999984,255.98000000000002,46.349578567256394,49.0
1688814575.5234194,47.69,9.888559999999984,255.98000000000002,46.35215700914406,49.0
1688814575.543241,47.69,9.888559999999984,255.98000000000002,46.35473545103172,49.0
1688814575.563709,47.69,9.888559999999984,255.98000000000002,46.357866416181025,49.0
1688814575.5828826,47.69,9.888559999999984,255.98000000000002,46.360629032489236,49.0
1688814575.6039658,47.69,9.888559999999984,255.98000000000002,46.36339164879745,49.0
1688814575.6230977,47.69,51.28645999999998,255.98000000000002,46.36652261394675,29.0
1688814575.643769,47.69,51.28645999999998,255.98000000000002,46.36928523025497,29.0
1688814575.6631641,47.69,51.28645999999998,255.98000000000002,46.37241619540428,29.0
1688814575.6855316,47.69,51.28645999999998,255.98000000000002,46.37315289308646,29.0
1688814575.7032504,47.69,51.28645999999998,255.98000000000002,46.37315289308646,29.0
1688814575.724551,47.69,41.66356999999999,256.0,46.373889590768655,27.0
1688814575.7438738,47.69,41.66356999999999,256.0,46.37597690086819,27.0
1688814575.7636669,47.69,41.66356999999999,256.0,46.377573079179605,27.0
1688814575.784277,47.69,41.66356999999999,256.0,46.37966038927913,27.0
1688814575.8032587,47.69,41.66356999999999,256.0,46.38162491643164,27.0
1688814575.8232052,47.69,41.66356999999999,256.0,46.38358944358414,27.0
1688814575.8441672,47.69,41.66356999999999,256.0,46.38481727305446,27.0
1688814575.862908,47.69,41.66356999999999,256.0,46.3865362343129,27.0
1688814575.8830776,47.69,41.66356999999999,256.0,46.388132412624316,27.0
1688814575.9034543,47.69,41.66356999999999,256.0,46.38911467620056,27.0
1688814575.9227872,47.69,44.43248999999997,256.01,46.38978998240924,17.0
1688814575.9431071,47.69,44.43248999999997,256.01,46.390526680091426,17.0
1688814575.963187,47.69,44.43248999999997,256.01,46.391447552194165,17.0
1688814575.9828732,47.69,44.43248999999997,256.01,46.392368424296905,17.0
1688814576.003779,47.69,44.43248999999997,256.01,46.393227904926114,17.0
1688814576.0228984,47.69,44.43248999999997,256.01,46.39414877702886,17.0
1688814576.043301,47.69,44.43248999999997,256.01,46.395008257658084,17.0
1688814576.063297,47.69,44.43248999999997,256.01,46.39605191270785,17.0
1688814576.0829978,47.69,44.43248999999997,256.01,46.39697278481058,17.0
1688814576.1038673,47.69,44.43248999999997,256.01,46.39709556775761,17.0
1688814576.1231837,47.36,43.04775999999998,256.2,46.43669306817529,13.0
1688814576.1435833,47.36,43.04775999999998,256.2,46.466987677370064,13.0
1688814576.1631572,47.36,43.04775999999998,256.2,46.498897034101134,13.0
1688814576.1834521,47.36,43.04775999999998,256.2,46.5308063908322,13.0
1688814576.203372,47.36,40.376859999999965,256.40999999999997,46.56206185247891,11.0
1688814576.22331,47.36,40.376859999999965,256.40999999999997,46.60502167444282,11.0
1688814576.242819,47.36,40.376859999999965,256.40999999999997,46.65657346079951,11.0
1688814576.263437,47.36,40.376859999999965,256.40999999999997,46.69380530650157,11.0
1688814576.2833638,47.36,40.376859999999965,256.40999999999997,46.72598164025101,11.0
1688814576.30326,47.36,47.943899999999985,256.49,46.73135131119837,10.0
1688814576.323384,47.36,47.943899999999985,256.49,46.74424352063669,10.0
1688814576.3431442,47.36,47.943899999999985,256.49,46.75713573007501,10.0
1688814576.3629794,47.36,47.943899999999985,256.49,46.770887420142536,10.0
1688814576.3833106,47.36,47.943899999999985,256.49,46.77714935044116,10.0
1688814576.4035797,47.36,43.29439000000002,256.64,46.784516327263056,10.0
1688814576.4231935,47.36,43.29439000000002,256.64,46.80809065309312,10.0
1688814576.4434953,47.36,43.29439000000002,256.64,46.83166497892317,10.0
1688814576.4636827,47.36,43.29439000000002,256.64,46.858186095482,10.0
1688814576.4838576,47.36,43.29439000000002,256.64,46.87316561501984,10.0
1688814576.503323,40.75,46.20994999999999,256.74,46.89066218497183,9.0
1688814576.5229032,40.75,46.20994999999999,256.74,46.73933953447304,9.0
1688814576.543295,40.75,46.20994999999999,256.74,46.595704831938804,9.0
1688814576.5640104,40.75,46.20994999999999,256.74,46.452070129404554,9.0
1688814576.5836587,40.75,46.20994999999999,256.74,46.27919907170172,9.0
1688814576.6029599,40.75,45.490819999999985,256.87,46.13731135797611,9.0
1688814576.623318,40.75,45.490819999999985,256.87,45.99367665544187,9.0
1688814576.6434321,40.75,45.490819999999985,256.87,45.84106478399924,9.0
1688814576.6635678,40.75,45.490819999999985,256.87,45.70640725037339,9.0
1688814576.6841855,40.75,45.490819999999985,256.87,45.708834881763856,9.0
1688814576.7033546,40.75,45.490819999999985,256.87,45.72774345560672,9.0
1688814576.7230167,40.75,45.490819999999985,256.87,45.74665202944957,9.0
1688814576.7432575,40.75,45.66737999999998,257.07,45.781890735247636,9.0
1688814576.763309,40.75,45.66737999999998,257.07,45.820567363562574,9.0
1688814576.7833939,40.75,45.66737999999998,257.07,45.84426447233967,9.0
1688814576.8031816,40.75,45.66737999999998,257.07,45.866365402805336,9.0
1688814576.8234305,40.75,45.66737999999998,257.07,45.88478284486008,9.0
1688814576.8442125,40.75,45.66737999999998,257.07,45.90565594585544,9.0
1688814576.8634763,40.75,45.66737999999998,257.07,45.92652904685081,9.0
1688814576.883144,40.75,45.66737999999998,257.07,45.94617431837585,9.0
1688814576.9039416,45.9,52.72773999999998,257.07,45.95354129519775,8.0
1688814576.9232032,45.9,52.72773999999998,257.3,46.091019501471095,8.0
1688814576.9434495,45.9,52.72773999999998,257.3,46.22849770774445,8.0
1688814576.9634638,45.9,52.72773999999998,257.3,46.384306341520904,8.0
1688814576.9829938,45.9,52.72773999999998,257.3,46.530949761545806,8.0
1688814577.0033064,45.9,52.72773999999998,257.3,46.6592627540676,8.0
1688814577.0239668,45.9,47.962890000000016,257.43,46.82980534148785,9.0
1688814577.042995,45.9,47.962890000000016,257.43,46.99216497873279,9.0
1688814577.0638192,45.9,47.962890000000016,257.43,47.12408218399431,9.0
1688814577.0832233,45.9,47.962890000000016,257.43,47.203954897475235,9.0
1688814577.1031969,45.9,44.29493000000002,257.55,47.21838189375145,10.0
1688814577.1237645,45.9,44.29493000000002,257.55,47.24324544052534,10.0
1688814577.143057,45.9,44.29493000000002,257.55,47.271424126869086,10.0
1688814577.1630487,45.9,44.29493000000002,257.55,47.2979452434279,10.0
1688814577.183117,45.9,44.29493000000002,257.55,47.31525763895935,10.0
1688814577.2035735,45.9,44.29493000000002,257.55,47.3267378445068,10.0
1688814577.223399,45.9,51.76878999999997,257.65,47.34220849583278,10.0
1688814577.2435749,45.9,51.76878999999997,257.65,47.35988924020532,10.0
1688814577.2631595,45.9,51.76878999999997,257.65,47.37535989153129,10.0
1688814577.2838273,45.9,51.76878999999997,257.65,47.385428093187876,10.0
1688814577.3037488,44.56,43.14461,257.75,47.39297924443031,13.0
1688814577.3228574,44.56,43.14461,257.75,47.37661138292951,13.0
1688814577.3429337,44.56,43.14461,257.75,47.35736419741644,13.0
1688814577.3634794,44.56,43.14461,257.75,47.33426757480073,13.0
1688814577.3832636,44.56,43.14461,257.75,47.312012207085374,13.0
1688814577.403324,44.56,40.60140000000001,257.8,47.2897446888841,16.0
1688814577.4232342,44.56,40.60140000000001,257.8,47.265543019745124,16.0
1688814577.443445,44.56,40.60140000000001,257.8,47.24268588778053,16.0
1688814577.464361,44.56,40.60140000000001,257.8,47.22251783016471,16.0
1688814577.4834323,44.56,40.60140000000001,257.8,47.21690019081606,16.0
1688814577.5035536,44.56,55.164570000000026,257.87,47.222548206379514,17.0
1688814577.5242221,44.56,55.164570000000026,257.87,47.228994311098674,17.0
1688814577.5428798,44.56,55.164570000000026,257.87,47.23501067550322,17.0
1688814577.563274,44.56,55.164570000000026,257.87,47.24102703990777,17.0
1688814577.5836627,44.56,55.164570000000026,257.87,47.245324443053875,17.0
1688814577.6030443,44.56,55.164570000000026,257.87,47.246368098103645,17.0
1688814577.623153,44.56,55.50128000000001,257.89,47.25121802451139,22.0
1688814577.6434274,44.56,55.50128000000001,257.89,47.25852360985976,22.0
1688814577.6628819,44.56,55.50128000000001,257.89,47.265399454893526,22.0
1688814577.6834435,44.56,55.50128000000001,257.89,47.27055633866885,22.0
1688814577.7032773,44.56,55.50128000000001,257.89,47.277186617808546,22.0
1688814577.7234805,44.56,55.70101,257.90999999999997,47.28172958684872,25.0
1688814577.7434814,44.56,55.70101,257.90999999999997,47.28516750936559,25.0
1688814577.7630305,44.56,55.70101,257.90999999999997,47.28934212956466,25.0
1688814577.7832625,44.56,55.70101,257.90999999999997,47.291061090823106,25.0
1688814577.8035765,44.56,55.70101,257.90999999999997,47.28934212956466,25.0
1688814577.8232198,44.56,55.70101,257.90999999999997,47.287254819465126,25.0
1688814577.842987,44.56,55.70101,257.90999999999997,47.285535858206686,25.0
1688814577.8637457,44.56,55.70101,257.90999999999997,47.28344854810714,25.0
1688814577.8829832,44.56,55.70101,257.90999999999997,47.28160680390167,25.0
1688814577.9032538,44.56,59.369820000000004,257.94,47.28148402095463,34.0
1688814577.9231937,44.56,59.369820000000004,257.94,47.291920571452316,34.0
1688814577.943196,44.56,59.369820000000004,257.94,47.30174320721485,34.0
1688814577.9631398,44.56,59.369820000000004,257.94,47.31095192824222,34.0
1688814577.9831703,44.56,59.369820000000004,257.94,47.32016064926959,34.0
1688814578.003104,44.56,59.369820000000004,257.94,47.329983285032114,34.0
1688814578.0238929,44.56,46.20787999999999,257.95,47.333789556390094,34.0
1688814578.0432408,44.56,46.20787999999999,257.95,47.33820974248324,34.0
1688814578.0631797,44.56,46.20787999999999,257.95,47.34115653321199,34.0
1688814578.0829365,44.56,46.20787999999999,257.95,47.34029705258278,34.0
1688814578.1029766,44.56,46.20787999999999,257.95,47.334403471125256,34.0
1688814578.1233199,44.56,46.20787999999999,257.95,47.32924658734993,34.0
1688814578.1440532,44.56,46.20787999999999,257.95,47.323353005892415,34.0
1688814578.1631002,44.56,46.20787999999999,257.95,47.317827773275994,34.0
1688814578.1832426,44.56,46.20787999999999,257.95,47.31340758718285,34.0
1688814578.2037692,48.96,52.65305999999998,258.0,47.31432845928559,29.0
1688814578.223369,48.96,52.65305999999998,258.0,47.407466633921416,29.0
1688814578.2436333,48.96,52.65305999999998,258.0,47.507438714056455,29.0
1688814578.2628481,48.96,52.65305999999998,258.0,47.635974245658645,29.0
1688814578.2833364,48.96,52.65305999999998,258.0,47.74308718866047,29.0
1688814578.303598,48.96,49.687160000000006,258.01,47.8502001316623,25.0
1688814578.3235447,48.96,49.687160000000006,258.01,47.985365942404194,25.0
1688814578.3432143,48.96,49.687160000000006,258.01,48.105513329730314,25.0
1688814578.3636503,48.96,49.687160000000006,258.01,48.210642293640674,25.0
1688814578.3833249,48.96,49.687160000000006,258.01,48.265662434536495,25.0
1688814578.4031413,48.96,49.687160000000006,258.01,48.271556015993994,25.0
1688814578.4239879,48.96,49.21791000000002,258.04,48.28021221375973,26.0
1688814578.4428897,48.96,49.21791000000002,258.04,48.289052585946,26.0
1688814578.4630704,48.96,49.21791000000002,258.04,48.296787911608995,26.0
1688814578.4829056,48.96,49.21791000000002,258.04,48.30102392328159,26.0
1688814578.503299,48.96,49.21791000000002,258.04,48.3037865395898,26.0
1688814578.5230312,48.96,50.245529999999974,258.11,48.31244273735553,22.0
1688814578.5432699,48.96,50.245529999999974,258.11,48.32459824911166,22.0
1688814578.563491,48.96,50.245529999999974,258.11,48.33472784224177,22.0
1688814578.583417,48.96,50.245529999999974,258.11,48.343506822954524,22.0
1688814578.6033502,48.96,50.245529999999974,258.11,48.35185606335266,22.0
1688814578.6233866,48.96,50.245529999999974,258.11,48.35873190838643,22.0
1688814578.64334,48.96,50.245529999999974,258.11,48.366590016996454,22.0
1688814578.6632268,48.96,50.245529999999974,258.11,48.37444812560647,22.0
1688814578.683499,48.96,50.245529999999974,258.11,48.37739491633523,22.0
1688814578.704421,48.96,50.245529999999974,258.11,48.37739491633523,22.0
1688814578.7228706,48.96,50.245529999999974,258.11,48.37739491633523,22.0
1688814578.7434137,48.96,49.91787999999997,258.23,48.38236762569,19.0
1688814578.763273,48.96,49.91787999999997,258.23,48.391760521137925,19.0
1688814578.783348,48.96,49.91787999999997,258.23,48.40004837006256,19.0
1688814578.8032556,48.96,49.91787999999997,258.23,48.40833621898718,19.0
1688814578.8231072,48.96,49.91787999999997,258.23,48.41717659117346,19.0
1688814578.8433864,48.96,49.91787999999997,258.23,48.42435939357481,19.0
1688814578.8636086,48.96,49.91787999999997,258.23,48.4320947192378,19.0
1688814578.8830109,48.96,49.91787999999997,258.23,48.44204013794735,19.0
1688814578.9033885,48.96,49.91787999999997,258.23,48.44867041708706,19.0
1688814578.923628,48.96,51.14580999999998,258.36,48.456958266011696,15.0
1688814578.9430165,48.96,51.14580999999998,258.36,48.47684910343081,15.0
1688814578.9631095,48.96,51.14580999999998,258.36,48.49231975475678,15.0
1688814578.9835231,48.96,51.14580999999998,258.36,48.511105545652605,15.0
1688814579.0030546,48.96,51.14580999999998,258.36,48.525471150455296,15.0
1688814579.0233989,48.96,51.14580999999998,258.36,48.53873170873471,15.0
1688814579.043773,48.96,51.14580999999998,258.36,48.55641245310724,15.0
1688814579.0634084,48.96,51.14580999999998,258.36,48.57077805790994,15.0
1688814579.0831695,48.96,51.14580999999998,258.36,48.586248709235925,15.0
1688814579.1036584,48.96,54.00527999999997,258.56,48.60282440708517,13.0
1688814579.1231232,48.96,54.00527999999997,258.56,48.629345523644,13.0
1688814579.1435082,48.96,54.00527999999997,258.56,48.65420907041789,13.0
1688814579.1631322,48.96,54.00527999999997,258.56,48.6807301869767,13.0
1688814579.1833334,48.96,54.00527999999997,258.56,48.70062102439582,13.0
1688814579.203692,48.96,52.097080000000005,258.7,48.730518671998006,10.0
1688814579.2228878,48.96,52.097080000000005,258.7,48.76827442821022,10.0
1688814579.2432976,48.96,52.097080000000005,258.7,48.80603018442242,10.0
1688814579.263474,48.96,52.097080000000005,258.7,48.84630299104877,10.0
1688814579.283392,48.96,52.097080000000005,258.7,48.864229301315376,10.0
1688814579.3028514,47.05,50.92491000000001,258.86,48.874543068866025,8.0
1688814579.3239038,47.05,50.92491000000001,258.86,48.85965546086077,8.0
1688814579.3431299,47.05,50.92491000000001,258.86,48.84583125342733,8.0
1688814579.3640022,47.05,50.92491000000001,258.86,48.829880244850266,8.0
1688814579.383473,47.05,50.92491000000001,258.86,48.80664555135427,8.0
1688814579.4029384,47.05,53.799829999999986,259.06,48.77972521453993,7.0
1688814579.4229755,47.05,53.799829999999986,259.06,48.766556567793124,7.0
1688814579.4428792,47.05,53.799829999999986,259.06,48.750566068172,7.0
1688814579.463524,47.05,53.799829999999986,259.06,48.735516186175644,7.0
1688814579.4838843,47.05,53.799829999999986,259.06,48.732003591385435,7.0
1688814579.502747,47.05,41.37268999999998,259.24,48.75201721175157,6.0
1688814579.5230026,47.05,41.37268999999998,259.24,48.78105537872454,6.0
1688814579.5443506,47.05,41.37268999999998,259.24,48.82593254586458,6.0
1688814579.5633695,47.05,41.37268999999998,259.24,48.87080971300461,6.0
1688814579.5837226,47.05,41.37268999999998,259.24,48.902242147444696,6.0
1688814579.6036415,45.9,46.803139999999985,259.44,48.92999109347383,6.0
1688814579.6235766,45.9,46.803139999999985,259.44,48.94716693595331,6.0
1688814579.643169,45.9,46.803139999999985,259.44,48.96255664404095,6.0
1688814579.6640818,45.9,46.803139999999985,259.44,48.980144881855395,6.0
1688814579.6828058,45.9,46.803139999999985,259.44,48.983373296527034,6.0
1688814579.7032497,45.9,46.803139999999985,259.44,48.97555702762571,6.0
1688814579.7229424,45.9,46.803139999999985,259.44,48.96606584395982,6.0
1688814579.7434385,45.9,52.037559999999985,259.72,48.97925124066078,5.0
1688814579.7637796,45.9,52.037559999999985,259.72,49.00323575504063,5.0
1688814579.7832975,45.9,52.037559999999985,259.72,49.03385054856019,5.0
1688814579.8028674,45.9,52.037559999999985,259.72,49.06337984732128,5.0
1688814579.823779,45.9,52.037559999999985,259.72,49.09518063060246,5.0
1688814579.8434262,45.9,52.037559999999985,259.72,49.13606735196397,5.0
1688814579.8637571,45.9,52.037559999999985,259.72,49.16786813524515,5.0
1688814579.8835993,45.9,52.037559999999985,259.72,49.204211887566494,5.0
1688814579.9030733,47.26,48.01213000000001,260.15,49.245589740716134,5.0
1688814579.9231699,47.26,48.01213000000001,260.15,49.30656936007984,5.0
1688814579.9429958,47.26,48.01213000000001,260.15,49.37416784303745,5.0
1688814579.963418,47.26,48.01213000000001,260.15,49.42824662940353,5.0
1688814579.9833424,47.26,48.01213000000001,260.15,49.491338546830626,5.0
1688814580.003439,47.26,49.70251000000002,260.42,49.56522394805071,4.0
1688814580.0233576,47.26,49.70251000000002,260.42,49.64695388546275,4.0
1688814580.0435581,47.26,49.70251000000002,260.42,49.72239690461233,4.0
1688814580.0629365,47.26,49.70251000000002,260.42,49.83556143333671,4.0
1688814580.0830524,47.26,49.70251000000002,260.42,49.92657505566769,4.0
1688814580.1037128,47.88,50.21640000000002,260.71,49.960733702906325,3.0
1688814580.1231935,47.88,50.21640000000002,260.71,50.03214938149775,3.0
1688814580.1428735,47.88,50.21640000000002,260.71,50.0954806897501,3.0
1688814580.1637099,47.88,50.21640000000002,260.71,50.17238299262795,3.0
1688814580.1833127,47.88,50.21640000000002,260.71,50.229701415454265,3.0
1688814580.2028384,47.88,49.28705000000002,261.01,50.27359440974561,3.0
1688814580.2239237,47.88,49.28705000000002,261.01,50.34891983847705,3.0
1688814580.2435079,47.88,49.28705000000002,261.01,50.40541391002562,3.0
1688814580.2631726,47.88,49.28705000000002,261.01,50.466615820869926,3.0
1688814580.2832565,47.88,49.28705000000002,261.01,50.52388519843068,3.0
1688814580.3032806,51.41,51.18846000000002,261.34000000000003,50.55249362508905,3.0
1688814580.3233778,51.41,51.18846000000002,261.34000000000003,50.681740518983894,3.0
1688814580.3434424,51.41,51.18846000000002,261.34000000000003,50.834434008867866,3.0
1688814580.3631818,51.41,51.18846000000002,261.34000000000003,50.96018158877231,3.0
1688814580.3836734,51.41,51.18846000000002,261.34000000000003,51.08396464152425,3.0
1688814580.403208,51.41,49.58997999999997,261.64,51.205962394650335,3.0
1688814580.4229934,51.41,49.58997999999997,261.64,51.34202374210542,3.0
1688814580.4439893,51.41,49.58997999999997,261.64,51.51695976026197,3.0
1688814580.463767,51.41,49.58997999999997,261.64,51.653021107717066,3.0
1688814580.4834101,51.41,49.58997999999997,261.64,51.742373437614454,3.0
1688814580.5035124,49.97,50.77098000000001,261.96,51.78706643033394,3.0
1688814580.5232453,49.97,50.77098000000001,261.96,51.818374020850925,3.0
1688814580.543269,49.97,50.77098000000001,261.96,51.84550699116885,3.0
1688814580.5631976,49.97,50.77098000000001,261.96,51.880392238720454,3.0
1688814580.5831618,49.97,50.77098000000001,261.96,51.885152254834544,3.0
1688814580.6038465,49.97,50.77098000000001,261.96,51.87294176641421,3.0
1688814580.6232817,49.97,52.95445999999998,262.33,51.89962701435878,3.0
1688814580.642844,49.97,52.95445999999998,262.33,51.921603100901386,3.0
1688814580.6636426,49.97,52.95445999999998,262.33,51.9451489079113,3.0
1688814580.6831546,49.97,52.95445999999998,262.33,51.976518920389836,3.0
1688814580.7035978,49.97,52.95445999999998,262.33,52.00684630830664,3.0
1688814580.7236557,49.97,52.95445999999998,262.33,52.04183944821064,3.0
1688814580.7431476,51.41,51.3614,262.81,52.11200990243918,3.0
1688814580.763203,51.41,51.3614,262.81,52.23264620887375,3.0
1688814580.7836614,51.41,51.3614,262.81,52.35204621005265,3.0
1688814580.8031948,51.41,51.3614,262.81,52.42820863181771,3.0
1688814580.823194,51.41,51.3614,262.81,52.51022970141085,3.0
1688814580.842984,51.41,51.3614,262.81,52.580533475347835,3.0
1688814580.867683,51.41,51.3614,262.81,52.69184778408138,3.0
1688814580.8830364,51.41,51.3614,262.81,52.76215155801836,3.0
1688814580.9033728,51.41,51.3614,262.81,52.861748571095745,3.0
1688814580.923565,48.59,54.52985000000001,263.44,52.93158767108868,3.0
1688814580.9429762,48.59,54.52985000000001,263.44,52.92091686648721,3.0
1688814580.9630308,48.59,54.52985000000001,263.44,52.90486276860738,3.0
1688814580.9835126,48.59,54.52985000000001,263.44,52.88981205184504,3.0
1688814581.0038383,48.59,54.52985000000001,263.44,52.8757647162002,3.0
1688814581.0229232,48.59,54.52985000000001,263.44,52.85971061832038,3.0
1688814581.0433133,48.59,54.52985000000001,263.44,52.844659901558046,3.0
1688814581.063536,48.59,54.52985000000001,263.44,52.82659904144324,3.0
1688814581.0833082,48.59,54.52985000000001,263.44,52.79466566946407,3.0
1688814581.1032581,51.41,53.048689999999965,264.13,52.77284665652434,3.0
1688814581.1240106,51.41,53.048689999999965,264.13,52.926868512935364,3.0
1688814581.143126,51.41,53.048689999999965,264.13,53.03246969198328,3.0
1688814581.1634867,51.41,53.048689999999965,264.13,53.16447116579318,3.0
1688814581.1830597,51.41,53.048689999999965,264.13,53.31407283611107,3.0
1688814581.2037501,51.41,53.048689999999965,264.13,53.44607430992097,3.0
1688814581.2232938,51.41,53.57420000000002,264.42,53.60234653331084,3.0
1688814581.2436962,51.41,53.57420000000002,264.42,53.77386495967387,3.0
1688814581.2629788,51.41,53.57420000000002,264.42,53.925204747641246,3.0
1688814581.2838237,51.41,53.57420000000002,264.42,53.98537231398711,3.0
1688814581.303617,51.41,53.57420000000002,264.42,54.00599984908841,3.0
1688814581.3233442,51.41,53.57420000000002,264.42,54.02147050041439,3.0
1688814581.3433814,51.41,53.57420000000002,264.42,54.04338725645953,3.0
1688814581.3629777,51.41,53.57420000000002,264.42,54.062725570617,3.0
1688814581.3833082,51.41,53.57420000000002,264.42,54.07561778005532,3.0
1688814581.4036536,51.41,53.57420000000002,264.42,54.07561778005532,3.0
1688814581.4234114,52.42,54.88040000000001,265.0,54.11687285025792,3.0
1688814581.4439933,52.42,54.88040000000001,265.0,54.18696545271221,3.0
1688814581.4629946,52.42,54.88040000000001,265.0,54.277084513010564,3.0
1688814581.4838161,52.42,54.88040000000001,265.0,54.35218372992588,3.0
1688814581.5039077,52.42,54.88040000000001,265.0,54.41226310345812,3.0
1688814581.5232167,52.42,54.88040000000001,265.0,54.492368934834445,3.0
1688814581.5434175,52.42,54.88040000000001,265.0,54.552448308366685,3.0
1688814581.5639594,52.42,54.88040000000001,265.0,54.64757398312607,3.0
1688814581.5833883,52.42,54.88040000000001,265.0,54.71079074054659,3.0
1688814581.6032906,52.42,54.88040000000001,265.0,54.72647765998796,3.0
1688814581.624478,54.47,49.47388000000001,266.05,54.850058696175225,4.0
1688814581.6431403,54.47,49.47388000000001,266.05,55.07757261110687,4.0
1688814581.6634777,54.47,49.47388000000001,266.05,55.279433268033245,4.0
1688814581.6832545,54.47,49.47388000000001,266.05,55.4957125433115,4.0
1688814581.7032506,54.47,49.47388000000001,266.05,55.69757320023787,4.0
1688814581.7233884,54.47,49.47388000000001,266.05,55.89943385716425,4.0
1688814581.7431536,54.47,49.47388000000001,266.05,56.144550369146266,4.0
1688814581.763311,54.47,49.47388000000001,266.05,56.36082964442453,4.0
1688814581.7836518,54.47,49.47388000000001,266.05,56.56587428004939,4.0
1688814581.8028846,54.47,49.47388000000001,266.05,56.60089804573284,4.0
1688814581.823272,49.81,49.54595999999998,268.81,56.8908603201169,4.0
1688814581.8441894,49.81,49.54595999999998,268.81,57.15182636706256,4.0
1688814581.8633106,49.81,49.54595999999998,268.81,57.61576600607708,4.0
1688814581.883346,49.81,49.54595999999998,268.81,58.079705645091586,4.0
1688814581.9037347,49.81,49.54595999999998,268.81,58.543645284106105,4.0
1688814581.923205,49.81,49.54595999999998,268.81,59.036581150559016,4.0
1688814581.9433947,49.81,49.54595999999998,268.81,59.38453587981989,4.0
1688814581.9637506,49.81,49.54595999999998,268.81,59.87747174627282,4.0
1688814581.9833229,49.81,49.54595999999998,268.81,60.28341893041052,4.0
1688814582.003358,49.81,49.54595999999998,268.81,60.370407612725735,4.0
1688814582.023268,54.85,55.31518999999997,273.47,60.918610795763364,4.0
1688814582.0437875,54.85,55.31518999999997,273.47,61.50898345441929,4.0
1688814582.0640564,54.85,55.31518999999997,273.47,62.05718663745693,4.0
1688814582.0828812,54.85,55.31518999999997,273.47,62.77406772296767,4.0
1688814582.1033242,54.85,55.31518999999997,273.47,63.406609857241875,4.0
1688814582.12389,54.85,55.31518999999997,273.47,64.08132146713434,4.0
1688814582.1430955,54.85,55.31518999999997,273.47,64.75603307702683,4.0
1688814582.1631892,54.85,55.31518999999997,273.47,65.38857521130102,4.0
1688814582.1833124,54.85,55.31518999999997,273.47,65.85243944310209,4.0
1688814582.2028992,54.85,55.31518999999997,273.47,65.85243944310209,4.0
1688814582.2238436,60.05,62.81160999999997,279.96,66.21049578785583,4.0
1688814582.2431855,60.05,62.81160999999997,279.96,67.0800611965435,4.0
1688814582.26359,60.05,62.81160999999997,279.96,67.8473247924444,4.0
1688814582.2838645,60.05,62.81160999999997,279.96,68.66573929473866,4.0
1688814582.3032806,60.05,62.81160999999997,279.96,69.53530470342633,4.0
1688814582.323864,60.05,62.81160999999997,279.96,70.25141739293383,4.0
1688814582.3445733,60.05,62.81160999999997,279.96,71.1209828016215,4.0
1688814582.3630614,60.05,62.81160999999997,279.96,71.88824639752238,4.0
1688814582.383866,60.05,62.81160999999997,279.96,72.50205727424309,4.0
1688814582.4036942,68.25,71.23039,286.12,72.54968745552176,3.0
1688814582.4232953,68.25,71.23039,286.12,73.31177035598061,3.0
1688814582.4436376,68.25,71.23039,286.12,74.07385325643949,3.0
1688814582.4636357,68.25,71.23039,286.12,74.83593615689836,3.0
1688814582.4835873,68.25,71.23039,286.12,75.59801905735719,3.0
1688814582.5034149,68.25,71.23039,286.12,76.36010195781606,3.0
1688814582.5227897,68.25,75.50134000000003,289.24,77.49691881191872,3.0
1688814582.543211,68.25,75.50134000000003,289.24,78.51349303988775,3.0
1688814582.563549,68.25,75.50134000000003,289.24,79.45745482300185,3.0
1688814582.5833683,68.25,75.50134000000003,289.24,80.09298760074148,3.0
1688814582.6032941,68.25,75.50134000000003,289.24,80.46772155438526,3.0
1688814582.6244757,77.72,77.53345999999999,293.0,81.30593791839682,3.0
1688814582.6430485,77.72,77.53345999999999,293.0,82.17824600214863,3.0
1688814582.6639602,77.72,77.53345999999999,293.0,83.05055408590043,3.0
1688814582.6831467,77.72,77.53345999999999,293.0,83.80250557985293,3.0
1688814582.7031217,77.72,77.53345999999999,293.0,84.27509744638469,3.0
1688814582.7235048,77.72,77.53345999999999,293.0,84.65907833794174,3.0
1688814582.742953,77.72,77.53345999999999,293.0,85.16120719613171,3.0
1688814582.7635527,77.72,77.53345999999999,293.0,85.60426207100522,3.0
1688814582.7838523,77.72,77.53345999999999,293.0,85.78148402095464,3.0
1688814582.8033378,77.72,77.53345999999999,293.0,85.78148402095464,3.0
1688814582.823536,77.72,77.53345999999999,293.0,85.78148402095464,3.0
1688814582.8432348,84.53,86.67635000000001,300.9,86.21847162483374,3.0
1688814582.8638039,84.53,86.67635000000001,300.9,87.27972723425441,3.0
1688814582.8830101,84.53,86.67635000000001,300.9,88.15370244201262,3.0
1688814582.9042304,84.53,86.67635000000001,300.9,89.15253125087911,3.0
1688814582.922893,84.53,86.67635000000001,300.9,90.15136005974561,3.0
1688814582.9428365,84.53,86.67635000000001,300.9,91.02533526750382,3.0
1688814582.9637609,84.53,86.67635000000001,300.9,92.08659087692449,3.0
1688814582.9832478,84.53,86.67635000000001,300.9,92.96056608468268,3.0
1688814583.0033808,84.53,86.67635000000001,300.9,93.77211449188673,3.0
1688814583.023696,90.0,92.91547999999995,307.37,94.64719004294446,2.0
1688814583.043487,90.0,92.91547999999995,307.37,95.44742678955716,2.0
1688814583.0630689,90.0,92.91547999999995,307.37,96.14763394284329,2.0
1688814583.08328,90.0,92.91547999999995,307.37,96.99788548611927,2.0
1688814583.1031365,90.0,92.91547999999995,307.37,97.6480778427421,2.0
1688814583.1233306,90.0,92.91547999999995,307.37,98.34828499602823,2.0
1688814583.1434731,90.0,92.91547999999995,307.37,99.04849214931433,2.0
1688814583.1633792,90.0,92.91547999999995,307.37,99.84872889592704,2.0
1688814583.1838782,90.0,92.91547999999995,307.37,100.39889165922328,2.0
1688814583.2028496,90.0,92.91547999999995,307.37,100.39889165922328,2.0
1688814583.223249,97.28,97.55676,314.64,100.96548940527595,2.0
1688814583.2430844,97.28,97.55676,314.64,101.92870557356545,2.0
1688814583.2631977,97.28,97.55676,314.64,102.83526196724972,2.0
1688814583.282878,97.28,97.55676,314.64,103.62849881172345,2.0
1688814583.3037245,97.28,97.55676,314.64,104.42173565619717,2.0
1688814583.3240151,97.28,97.55676,314.64,105.27163227527619,2.0
1688814583.3430958,97.28,97.55676,314.64,106.0648691197499,2.0
1688814583.3631775,97.28,97.55676,314.64,107.02808528803942,2.0
1688814583.3832402,97.28,97.55676,314.64,107.7646623579079,2.0
1688814583.4039485,97.28,97.55676,314.64,107.7646623579079,2.0
1688814583.4231493,101.69,102.91995999999995,322.8,108.59103751693205,2.0
1688814583.4430816,101.69,102.91995999999995,322.8,109.5445473158061,2.0
1688814583.4633389,101.69,102.91995999999995,322.8,110.62519175453001,2.0
1688814583.4833736,101.69,102.91995999999995,322.8,111.64226887332899,2.0
1688814583.5031946,101.69,102.91995999999995,322.8,112.65934599212795,2.0
1688814583.5236642,101.69,102.91995999999995,322.8,113.73999043085188,2.0
1688814583.5434515,101.69,102.91995999999995,322.8,114.82063486957578,2.0
1688814583.5637803,101.69,102.91995999999995,322.8,115.77414466844984,2.0
1688814583.5830283,101.69,102.91995999999995,322.8,116.02841394814958,2.0
1688814583.6036088,113.25,114.47643999999997,330.61,116.08935035185571,2.0
1688814583.6233497,113.25,114.47643999999997,330.61,117.06433281115402,2.0
1688814583.6436026,113.25,114.47643999999997,330.61,118.10025167415849,2.0
1688814583.6631663,113.25,114.47643999999997,330.61,119.01429772975064,2.0
1688814583.6838558,113.25,114.47643999999997,330.61,119.8064709779305,2.0
1688814583.7029977,113.25,114.47643999999997,330.61,120.84238984093497,2.0
1688814583.7232153,113.25,114.47643999999997,330.61,121.75643589652712,2.0
1688814583.743494,116.15,117.77683999999999,336.0,123.18275436730153,2.0
1688814583.7631853,116.15,117.77683999999999,336.0,124.8407667135095,2.0
1688814583.7833178,116.15,117.77683999999999,336.0,125.82847861894989,2.0
1688814583.803588,116.15,117.77683999999999,336.0,126.5541978737914,2.0
1688814583.823526,116.15,117.77683999999999,336.0,127.27991712863289,2.0
1688814583.8434079,116.15,117.77683999999999,336.0,127.96294701554258,2.0
1688814583.8639116,116.15,117.77683999999999,336.0,128.6886662703841,2.0
1688814583.8828275,116.15,117.77683999999999,336.0,129.28631742143003,2.0
1688814583.9032674,116.15,117.77683999999999,336.0,129.49976426108933,2.0
1688814583.923836,121.98,125.52243999999996,343.59,130.30425666703562,2.0
1688814583.9428637,121.98,125.52243999999996,343.59,131.22367655954568,2.0
1688814583.96335,121.98,125.52243999999996,343.59,132.028168965492,2.0
1688814583.983275,121.98,125.52243999999996,343.59,132.89012511472018,2.0
1688814584.0031736,121.98,125.52243999999996,343.59,133.86700875051213,2.0
1688814584.023188,121.98,125.52243999999996,343.59,134.61403741317653,2.0
1688814584.0427918,121.98,125.52243999999996,343.59,135.59092104896848,2.0
1688814584.0634851,121.98,125.52243999999996,343.59,136.45287719819663,2.0
1688814584.0862849,121.98,125.52243999999996,343.59,136.97005088773355,2.0
1688814584.1033185,121.98,125.52243999999996,343.59,136.97005088773355,2.0
1688814584.1231923,134.65,137.78283999999996,350.31,137.37892497126884,2.0
1688814584.1430705,134.65,137.78283999999996,350.31,137.9922360965718,2.0
1688814584.1633549,134.65,137.78283999999996,350.31,138.5646598135212,2.0
1688814584.183553,134.65,137.78283999999996,350.31,139.17797093882416,2.0
1688814584.2030513,134.65,137.78283999999996,350.31,139.83216947248064,2.0
1688814584.2231662,134.65,137.78283999999996,350.31,140.40459318943005,2.0
1688814584.242955,134.65,137.78283999999996,350.31,141.05879172308656,2.0
1688814584.2629817,134.65,137.78283999999996,350.31,141.75387766509655,2.0
1688814584.2834141,134.65,137.78283999999996,350.31,142.28541397369244,2.0
1688814584.3034544,134.65,137.78283999999996,350.31,142.28541397369244,2.0
1688814584.3236551,139.25,138.48154,353.5,142.50225856176218,2.0
1688814584.3434622,139.25,138.48154,353.5,142.7691442086172,2.0
1688814584.3637333,139.25,138.48154,353.5,143.01934950254386,2.0
1688814584.3831747,139.25,138.48154,353.5,143.26955479647046,2.0
1688814584.4032023,139.25,138.48154,353.5,143.51976009039706,2.0
1688814584.4236383,139.25,138.48154,353.5,143.80332609018055,2.0
1688814584.443338,139.25,138.48154,353.5,144.0702117370356,2.0
1688814584.463345,139.25,138.48154,353.5,144.32041703096223,2.0
1688814584.4829845,139.25,138.48154,353.5,144.45385985438978,2.0
1688814584.5034401,139.25,138.48154,353.5,144.45385985438978,2.0
1688814584.523469,144.19,145.83267999999998,354.73,144.52019552433472,2.0
1688814584.5433383,144.19,145.83267999999998,354.73,144.6018394258054,2.0
1688814584.563139,144.19,145.83267999999998,354.73,144.67838058343415,2.0
1688814584.5833304,144.19,145.83267999999998,354.73,144.76002448490487,2.0
1688814584.6035259,144.19,145.83267999999998,354.73,144.8518738740594,2.0
1688814584.6232288,144.19,145.83267999999998,354.73,144.9284150316882,2.0
1688814584.6435435,144.19,145.83267999999998,354.73,145.01005893315886,2.0
1688814584.6638584,144.19,145.83267999999998,354.73,145.0814973469457,2.0
1688814584.6834457,144.19,145.83267999999998,354.73,145.11721655383914,2.0
1688814584.7034442,144.19,145.83267999999998,354.73,145.11721655383914,2.0
1688814584.7235742,144.19,145.83267999999998,354.73,145.11721655383914,2.0
1688814584.742899,140.67,140.78915999999998,355.43,145.14105222280168,2.0
1688814584.7632148,140.67,140.78915999999998,355.43,145.20858661819545,2.0
1688814584.7833517,140.67,140.78915999999998,355.43,145.264203179108,2.0
1688814584.803836,140.67,140.78915999999998,355.43,145.3237923515143,2.0
1688814584.8228605,140.67,140.78915999999998,355.43,145.39529935840181,2.0
1688814584.843226,140.67,140.78915999999998,355.43,145.45488853080806,2.0
1688814584.8636997,140.67,140.78915999999998,355.43,145.51845031470813,2.0
1688814584.883446,140.67,140.78915999999998,355.43,145.58201209860815,2.0
1688814584.9034245,146.24,148.37705999999997,355.76,145.63601033514485,7.0
1688814584.9233627,146.24,148.37705999999997,355.76,145.67367892903152,7.0
1688814584.9432862,146.24,148.37705999999997,355.76,145.70663894868227,7.0
1688814584.9630547,146.24,148.37705999999997,355.76,145.73959896833307,7.0
1688814584.9831383,146.24,148.37705999999997,355.76,145.78197613645554,7.0
1688814585.0032516,146.24,148.37705999999997,355.76,145.81729044322424,7.0
1688814585.02702,146.24,140.70702,355.84,145.8539529618679,8.0
1688814585.0431352,146.24,140.70702,355.84,145.88263615669578,8.0
1688814585.0635295,146.24,140.70702,355.84,145.91336815115417,8.0
1688814585.0827637,146.24,140.70702,355.84,145.9229115615514,8.0
1688814585.103365,146.24,140.70702,355.84,145.91802376175377,8.0
1688814585.1232762,146.24,140.70702,355.84,145.91344144944347,8.0
1688814585.142942,146.24,140.70702,355.84,145.9082481621585,8.0
1688814585.1632428,146.24,140.70702,355.84,145.9042768248229,8.0
1688814585.1843781,146.24,140.70702,355.84,145.89999999999998,8.0
1688814585.2038424,146.24,140.70702,355.84,145.89999999999998,8.0
1688814585.2227633,146.24,326.82818,355.8,145.89692307692306,23.0
1688814585.24348,146.24,326.82818,355.8,145.892,23.0
1688814585.2641065,146.24,326.82818,355.8,145.88676923076923,23.0
1688814585.283385,146.24,326.82818,355.8,145.88215384615384,23.0
1688814585.303569,146.24,326.82818,355.8,145.87753846153848,23.0
1688814585.3233132,146.24,326.82818,355.8,145.87230769230771,23.0
1688814585.3429573,146.24,326.82818,355.8,145.86800000000002,23.0
1688814585.363551,146.24,326.82818,355.8,145.86338461538463,23.0
1688814585.3833063,146.24,326.82818,355.8,145.86,23.0
1688814585.403208,146.24,326.82818,355.8,145.86,23.0
1688814585.4237077,146.24,334.77621999999997,355.81,145.8570095542215,22.0
1688814585.4431655,146.24,334.77621999999997,355.81,145.85332900557097,22.0
1688814585.462995,146.24,334.77621999999997,355.81,145.85033855979245,22.0
1688814585.4851696,146.24,334.77621999999997,355.81,145.84642797685132,22.0
1688814585.5029862,146.24,334.77621999999997,355.81,145.84297746249146,22.0
1688814585.5236387,146.24,334.77621999999997,355.81,145.839296913841,22.0
1688814585.5441084,146.24,334.77621999999997,355.81,145.8353863308998,22.0
1688814585.5634437,146.24,334.77621999999997,355.81,145.83216585083065,22.0
1688814585.5832124,146.24,334.77621999999997,355.81,145.83009554221474,22.0
1688814585.6034873,146.24,334.77621999999997,355.81,145.83009554221474,22.0
1688814585.6234853,146.24,237.30487999999997,355.82,145.83396540986655,46.0
1688814585.6435812,146.24,237.30487999999997,355.82,145.83912523340234,46.0
1688814585.663739,146.24,237.30487999999997,355.82,145.84460754590913,46.0
1688814585.6835551,146.24,237.30487999999997,355.82,145.84879990253194,46.0
1688814585.703064,146.24,237.30487999999997,355.82,145.85331474812574,46.0
1688814585.7232814,146.24,237.30487999999997,355.82,145.8587970606325,46.0
1688814585.7432318,146.24,237.30487999999997,355.82,145.8633119062263,46.0
1688814585.7636716,146.24,237.30487999999997,355.82,145.8687942187331,46.0
1688814585.7833436,146.24,237.30487999999997,355.82,145.87201910844294,46.0
1688814585.8034115,146.24,237.30487999999997,355.82,145.87201910844294,46.0
1688814585.823325,146.24,237.30487999999997,355.82,145.87165075960183,174.0
1688814585.8431132,146.24,237.30487999999997,355.82,145.87128241076073,174.0
1688814585.8632607,146.24,237.30487999999997,355.82,145.870361538658,174.0
1688814585.8833199,146.24,237.30487999999997,355.82,145.86931788360823,174.0
1688814585.9032133,146.24,237.30487999999997,355.82,145.8683970115055,174.0
1688814585.9235234,146.24,237.30487999999997,355.82,145.86747613940275,174.0
1688814585.9430394,146.24,237.30487999999997,355.82,145.86637109287946,174.0
1688814585.9630547,146.24,237.30487999999997,355.82,145.8653888293032,174.0
1688814585.984025,146.24,237.30487999999997,355.82,145.86440656572697,174.0
1688814586.0030546,146.24,237.30487999999997,355.81,145.8640382168859,180.0
1688814586.0234644,146.24,237.30487999999997,355.81,145.8638052428348,180.0
1688814586.0443568,146.24,237.30487999999997,355.81,145.86355673718026,180.0
1688814586.063082,146.24,237.30487999999997,355.81,145.86332376312916,180.0
1688814586.082983,146.24,237.30487999999997,355.81,145.86310632068145,180.0
1688814586.1033566,146.24,237.30487999999997,355.81,145.86284228342356,180.0
1688814586.123265,146.24,237.30487999999997,355.81,145.86346879000166,180.0
1688814586.142887,146.24,237.30487999999997,355.81,145.86420254792338,180.0
1688814586.1636024,146.24,237.30487999999997,355.81,145.86498216571525,180.0
1688814586.1828792,146.24,237.30487999999997,355.81,145.8657025968539,180.0
1688814586.2032359,146.24,237.30487999999997,355.81,145.86656207748314,180.0
1688814586.2235973,146.24,237.30487999999997,355.81,145.8676057325329,180.0
1688814586.243307,146.24,237.30487999999997,355.81,145.86840382168862,180.0
1688814586.2634351,146.24,237.30487999999997,355.81,145.86932469379136,180.0
1688814586.2828438,146.24,237.30487999999997,355.81,145.87,180.0
1688814586.3034735,146.24,237.30487999999997,355.81,145.87,180.0
1688814586.3231366,146.24,237.30487999999997,355.81,145.87,180.0
1688814586.3428047,146.24,237.30487999999997,355.81,145.87,180.0
1688814586.363489,146.24,237.30487999999997,355.81,145.87,180.0
1688814586.3835464,146.24,237.30487999999997,355.81,145.87,180.0
1688814586.4033432,146.24,237.30487999999997,355.81,145.87,180.0
1688814586.4229052,146.24,237.30487999999997,355.81,145.87,180.0
1688814586.443484,146.24,237.30487999999997,355.81,145.87,180.0
1688814586.4629881,146.24,237.30487999999997,355.81,145.87,180.0
1688814586.4835474,146.24,237.30487999999997,355.81,145.87,180.0
1688814586.5032423,146.24,237.30487999999997,355.81,145.87,180.0
1688814586.5236444,146.24,237.30487999999997,355.81,145.87689603191288,151.0
1688814586.5437508,146.24,237.30487999999997,355.81,145.88551607180392,151.0
1688814586.56351,146.24,237.30487999999997,355.81,145.89643478899924,151.0
1688814586.5832808,146.24,237.30487999999997,355.81,145.9050548288903,151.0
1688814586.6033304,146.24,237.30487999999997,355.81,145.91424953810738,151.0
1688814586.6232383,146.24,237.30487999999997,355.81,145.92286957799845,151.0
1688814586.6429884,146.24,237.30487999999997,355.81,145.93148961788953,151.0
1688814586.66443,146.24,237.30487999999997,355.81,145.9412589964327,151.0
1688814586.6829786,146.24,237.30487999999997,355.81,145.9447070123891,151.0
1688814586.7029853,146.24,237.30487999999997,355.81,145.9447070123891,151.0
1688814586.7236297,146.24,237.30487999999997,355.81,145.9447070123891,151.0
1688814586.743496,146.24,237.30487999999997,355.81,145.9447070123891,180.0
1688814586.7636316,146.24,237.30487999999997,355.81,145.9447070123891,180.0
1688814586.7834492,146.24,237.30487999999997,355.81,145.9447070123891,180.0
1688814586.8032565,146.24,237.30487999999997,355.81,145.9447070123891,180.0
1688814586.8234987,146.24,237.30487999999997,355.81,145.9447070123891,180.0
1688814586.8430462,146.24,237.30487999999997,355.81,145.9447070123891,180.0
1688814586.8629344,146.24,237.30487999999997,355.81,145.9447070123891,180.0
1688814586.8833692,146.24,237.30487999999997,355.81,145.9447070123891,180.0
1688814586.903586,146.24,237.30487999999997,355.81,145.9447070123891,180.0
1688814586.9234676,146.24,237.30487999999997,355.81,145.9447070123891,180.0
1688814586.9457,146.24,237.30487999999997,355.81,145.9447070123891,180.0
1688814586.963191,146.24,237.30487999999997,355.81,145.9447070123891,180.0
1688814586.9830017,146.24,237.30487999999997,355.81,145.9447070123891,180.0
1688814587.0035217,146.24,237.30487999999997,355.81,145.9447070123891,180.0
1688814587.023065,146.24,237.30487999999997,355.81,145.9447070123891,180.0
1688814587.0434594,146.24,237.30487999999997,355.81,145.9447070123891,180.0
1688814587.0633047,146.24,237.30487999999997,355.81,145.9447070123891,180.0
1688814587.0834055,146.24,237.30487999999997,355.81,145.9447070123891,180.0
1688814587.1044054,146.24,237.30487999999997,355.81,145.9447070123891,119.0
1688814587.1229763,146.24,237.30487999999997,355.81,145.9447070123891,119.0
1688814587.1432912,146.24,237.30487999999997,355.81,145.9447070123891,119.0
1688814587.164132,146.24,237.30487999999997,355.81,145.9447070123891,119.0
1688814587.1831589,146.24,237.30487999999997,355.81,145.9447070123891,119.0
1688814587.203223,146.24,237.30487999999997,355.81,145.9447070123891,180.0
1688814587.2234273,146.24,237.30487999999997,355.81,145.9447070123891,180.0
1688814587.2432733,146.24,237.30487999999997,355.81,145.9447070123891,180.0
1688814587.263641,146.24,237.30487999999997,355.81,145.9447070123891,180.0
1688814587.2833617,146.24,237.30487999999997,355.81,145.9447070123891,180.0
1688814587.3033664,146.24,237.30487999999997,355.81,145.9447070123891,180.0
1688814587.3238912,146.24,237.30487999999997,355.81,145.9447070123891,180.0
1688814587.3430665,146.24,237.30487999999997,355.81,145.9447070123891,180.0
1688814587.363691,146.24,237.30487999999997,355.81,145.9447070123891,180.0
1688814587.3830378,146.24,237.30487999999997,355.81,145.9447070123891,180.0
1688814587.4028275,146.24,237.30487999999997,355.81,145.9447070123891,180.0
1688814587.4235659,146.24,237.30487999999997,355.81,145.9447070123891,180.0
1688814587.4437847,146.24,237.30487999999997,355.81,145.9447070123891,180.0
1688814587.4629974,146.24,237.30487999999997,355.81,145.9447070123891,180.0
1688814587.4831965,146.24,237.30487999999997,355.81,145.9447070123891,180.0
1688814587.5037034,146.24,237.30487999999997,355.81,145.9447070123891,180.0
1688814587.5232708,146.24,237.30487999999997,355.81,145.9447070123891,157.0
1688814587.5432246,146.24,237.30487999999997,355.81,145.9447070123891,157.0
1688814587.5630336,146.24,237.30487999999997,355.81,145.9447070123891,157.0
1688814587.5830574,146.24,237.30487999999997,355.81,145.9447070123891,157.0
1688814587.6036446,146.24,237.30487999999997,355.81,145.9447070123891,157.0
1688814587.6234953,146.24,237.30487999999997,355.81,145.9447070123891,157.0
1688814587.643316,146.24,237.30487999999997,355.81,145.9447070123891,157.0
1688814587.6640851,146.24,237.30487999999997,355.81,145.9447070123891,157.0
1688814587.6829066,146.24,237.30487999999997,355.81,145.9447070123891,157.0
1688814587.702874,146.24,237.30487999999997,355.81,145.9447070123891,157.0
1688814587.72348,146.24,237.30487999999997,355.81,145.9447070123891,169.0
1688814587.7435992,146.24,237.30487999999997,355.81,145.9447070123891,169.0
1688814587.7633958,146.24,237.30487999999997,355.81,145.9447070123891,169.0
1688814587.7830968,146.24,237.30487999999997,355.81,145.9447070123891,169.0
1688814587.803745,146.24,237.30487999999997,355.81,145.9447070123891,169.0
1688814587.8232634,146.24,237.30487999999997,355.81,145.9447070123891,169.0
1688814587.842985,146.24,237.30487999999997,355.81,145.9447070123891,169.0
1688814587.8632052,146.24,237.30487999999997,355.81,145.9447070123891,169.0
1688814587.8831985,146.24,237.30487999999997,355.81,145.9447070123891,169.0
1688814587.9036036,146.24,237.30487999999997,355.81,145.9447070123891,169.0
1688814587.92349,146.24,237.30487999999997,355.81,145.9447070123891,128.0
1688814587.9432142,146.24,237.30487999999997,355.81,145.9447070123891,128.0
1688814587.9636252,146.24,237.30487999999997,355.81,145.9447070123891,128.0
1688814587.983493,146.24,237.30487999999997,355.81,145.9447070123891,128.0
1688814588.0033116,146.24,237.30487999999997,355.81,145.9447070123891,128.0
1688814588.024004,146.24,237.30487999999997,355.81,145.9447070123891,128.0
1688814588.0434456,146.24,237.30487999999997,355.81,145.9447070123891,128.0
1688814588.0634458,146.24,237.30487999999997,355.81,145.9447070123891,128.0
1688814588.08357,146.24,237.30487999999997,355.81,145.9447070123891,128.0
1688814588.1032562,146.24,237.30487999999997,355.81,145.9447070123891,180.0
1688814588.1237347,146.24,237.30487999999997,355.81,145.9447070123891,180.0
1688814588.1433067,146.24,237.30487999999997,355.81,145.9447070123891,180.0
1688814588.1638312,146.24,237.30487999999997,355.81,145.9447070123891,180.0
1688814588.1829934,146.24,237.30487999999997,355.81,145.9447070123891,180.0
1688814588.2032435,146.24,237.30487999999997,355.81,145.9447070123891,180.0
1688814588.2232444,146.24,237.30487999999997,355.81,145.9447070123891,180.0
1688814588.243854,146.24,237.30487999999997,355.81,145.9447070123891,180.0
1688814588.2635891,146.24,237.30487999999997,355.81,145.9447070123891,180.0
1688814588.283613,146.24,237.30487999999997,355.81,145.9447070123891,180.0
1688814588.3031416,146.24,237.30487999999997,355.81,145.9447070123891,180.0
1688814588.3232038,146.24,237.30487999999997,355.81,145.9447070123891,180.0
1688814588.343316,146.24,237.30487999999997,355.81,145.9447070123891,180.0
1688814588.3633149,146.24,237.30487999999997,355.81,145.9447070123891,180.0
1688814588.3831863,146.24,237.30487999999997,355.81,145.9447070123891,180.0
1688814588.4033022,146.24,237.30487999999997,355.81,145.9447070123891,180.0
1688814588.4234116,146.24,237.30487999999997,355.81,145.9447070123891,180.0
1688814588.4437258,146.24,237.30487999999997,355.81,145.9447070123891,180.0
1688814588.4635801,146.24,237.30487999999997,355.81,145.9447070123891,180.0
1688814588.4837427,146.24,237.30487999999997,355.81,145.9447070123891,180.0
1688814588.5046372,146.24,237.30487999999997,355.81,145.9447070123891,180.0
1688814588.5232213,146.24,237.30487999999997,355.81,145.9447070123891,180.0
1688814588.5434964,146.24,237.30487999999997,355.81,145.9447070123891,180.0
1688814588.5634513,146.24,237.30487999999997,355.81,145.9447070123891,180.0
1688814588.5830142,146.24,237.30487999999997,355.81,145.9447070123891,180.0
1688814588.6031952,146.24,237.30487999999997,355.81,145.9447070123891,180.0
1688814588.623268,146.24,237.30487999999997,355.81,145.9447070123891,180.0
